sample_id,catalog_content,image_link,price,item_name,item_description,item_quantity,unit
33127,"Item Name: La Victoria Green Taco Sauce Mild, 12 Ounce (Pack of 6)
Value: 72.0
Unit: Fl Oz
",https://m.media-amazon.com/images/I/51mo8htwTHL.jpg,4.890000000000001,"La Victoria Green Taco Sauce Mild, 12 Ounce (Pack of 6)",Food,72.0,Fl Oz
198967,"Item Name: Salerno Cookies, The Original Butter Cookies, 8 Ounce (Pack of 4)
Bullet Point 1: Original Butter Cookies: Classic butter cookies made with real butter
Bullet Point 2: Variety Pack: Includes 4 boxes with 32 cookies total
Bullet Point 3: Occasion Perfect: Delicious cookies for birthdays, weddings, anniversaries
Bullet Point 4: Shareable Treats: Fun to give and enjoy with friends and family
Bullet Point 5: Salerno Brand: Trusted brand of delicious butter cookies since 1925
Value: 32.0
Unit: Ounce
",https://m.media-amazon.com/images/I/71YtriIHAAL.jpg,13.12,"Salerno Cookies, The Original Butter Cookies, 8 Ounce (Pack of 4)",Food,32.0,Ounce
261251,"Item Name: Bear Creek Hearty Soup Bowl, Creamy Chicken with Rice, 1.9 Ounce (Pack of 6)
Bullet Point 1: Loaded with hearty long grain wild rice and vegetables
Bullet Point 2: Full of hearty goodness
Bullet Point 3: Single serve bowls
Bullet Point 4: Easy to prepare mix
Bullet Point 5: 0 grams trans fat
Value: 11.4
Unit: Ounce
",https://m.media-amazon.com/images/I/51+PFEe-w-L.jpg,1.97,"Bear Creek Hearty Soup Bowl, Creamy Chicken with Rice, 1.9 Ounce (Pack of 6)",Food,11.4,Ounce
55858,"Item Name: Judee‚Äôs Blue Cheese Powder 11.25 oz - Gluten-Free and Nut-Free - Use in Seasonings and Salad Dressings - Great for Dips, Spreads and Sauces - Made in USA
Bullet Point 1: Add to your favorite appetizers, dips & spreads. Use to season popcorn or warmed pita chips.
Bullet Point 2: Sprinkle over french fries, fried chicken, mashed potatoes, roasted veggies, pasta, and more
Bullet Point 3: Made in a dedicated gluten-free facility and shipped in a standup, resealable pouch to ensure freshness
Bullet Point 4: Ingredients: Blue Cheese (Milk, Salt, Cultures, & Enzymes) and Disodium Phosphate
Bullet Point 5: Since 2009, Judee‚Äôs has been dedicated to providing fresh, allergy-conscious ingredients, great for your recipes and even better for your family
Product Description: Judees Powdered Blue Cheese cheddar cheese powder is an alternative to mozzarella cheese shredded or american cheese slices deli. Make your own alfredo sauce with heavy cream and black buffalo dip with this powder. It adds extra flavor to salad dressing like ranch dressing and great on pizza dough or cauliflower pasta. Add to macaroni and cheese or popcorn seasoning for more aroma and cheesy feel. Combine with mustard and other ingredients to create your own dressing for buffalo chicken or buffalo wings.
Value: 11.25
Unit: Ounce
",https://m.media-amazon.com/images/I/41mu0HAToDL.jpg,30.34,"Judee's Blue Cheese Powder 11.25 oz - Gluten-Free and Nut-Free - Use in Seasonings and Salad Dressings - Great for Dips, Spreads and Sauces - Made in USA",Food,11.25,Ounce
292686,"Item Name: kedem Sherry Cooking Wine, 12.7 Ounce - 12 per case.
Bullet Point: kedem Sherry Cooking Wine, 12.7 Ounce - 12 per case.
Value: 12.0
Unit: Count
",https://m.media-amazon.com/images/I/41sA037+QvL.jpg,66.49,"kedem Sherry Cooking Wine, 12.7 Ounce - 12 per case",Food,12.0,Count
9259,"Item Name: Member's Mark Member's Mark, Basil, 6.25 oz
Bullet Point 1: Green Herb, Italian Staple, Great mixed with Oregano
Bullet Point 2: Large Size, Chef Bottle
Bullet Point 3: Packed in the USA
Value: 6.25
Unit: ounce
",https://m.media-amazon.com/images/I/81nw0HXpCRL.jpg,18.5,Member,Food,6.25,ounce
191846,"Item Name: Goya Foods Sazonador Total Seasoning, 30 Ounce (Pack of 6)
Bullet Point 1: SAZONADOR TOTAL | Enhance the natural flavors of food with the perfect mix of natural ingredients, Goya Sazonador Total. GOYA Sazonador Total adds super flavor in a flash. This versatile seasoning mix includes the perfect blend of Latino spices that makes your meal extra special. We‚Äôre sure you‚Äôll love it.
Bullet Point 2: THE PERFECT SEASONING | GOYA Sazonador Total is the perfect blend of garlic, onion and Latin spices that adds quick flavor to any meat, chicken, fish and vegetables. Just sprinkle over meats, poultry, seafood and vegetables before cooking. You can also use it to punch up the taste of salads, sauces, and soups. A simple shake is all it takes!
Bullet Point 3: VERSATILE | This versatile seasoning mix includes the perfect blend of Latino spices that makes your meal extra special. We‚Äôre sure you‚Äôll love it. GOYA Sazonador Total is the perfect blend of garlic, onion and Latin spices that adds quick flavor to any meat, chicken, fish and vegetables.
Bullet Point 4: PREMIUM QUALITY | If it's Goya... it has to be good! | ¬°Si es Goya... tiene que ser bueno!
Bullet Point 5: PACK OF 6: 30 OZ BOTTLES | Discover Goya's incredible variety of seasonings on Amazon Fresh, Amazon Retail and Prime Pantry
Value: 180.0
Unit: Ounce
",https://m.media-amazon.com/images/I/61dH2Ebkt0L.jpg,5.99,"Goya Foods Sazonador Total Seasoning, 30 Ounce (Pack of 6)",Food,180.0,Ounce
222007,"Item Name: VineCo Original Series Chilean Sauvignon Blanc Wine Making Ingredient Kit
Bullet Point 1: Chilean Sauvignon Blanc Wine Kit - VineCo Original Series
Bullet Point 2: Flavor Profile - Herbaceous, stone fruit and tropical fruit
Bullet Point 3: Kit Volume: 8 L, Approximate Yield: 23 L
Bullet Point 4: Ready to Bottle: In 4 weeks
Bullet Point 5: Ingredient Kit Only Does Not Contain Alcohol
Product Description: Chilean Sauvignon Blanc Wine Kit - VineCo Original Series - Unleash the Refreshing Essence of Sauvignon Blanc Known for its vibrant personality, Sauvignon Blanc is a green-skinned grape that embodies the wild spirit of nature. Its name is derived from the French term for ""wild,"" reflecting its unrestrained growth and bold flavors. This grape variety thrives in diverse climates, producing wines that range from crisp and herbaceous to tropical and fruity. In cooler regions, you can expect wines to showcase a lively acidity with green bell pepper and grassy notes, while warmer areas enhance the fruit profile, leading to delightful tropical flavors. Chilean Sauvignon Blanc is particularly celebrated for its citrusy brightness, moving away from the greener characteristics often associated with the grape. Instead, it highlights a luscious mix of stone fruits, passion fruit, and zesty lime, presenting a more refined take on this beloved varietal. The winemaking conditions in Chile, marked by a combination of warm days and cool evenings, allow for optimal ripening while retaining essential acidity. The VineCo Chilean Sauvignon Blanc captures the essence of this grape beautifully. It offers a lively bouquet of herbaceous notes intertwined with enticing flavors of stone fruit and tropical delights. This dry white wine is crafted without oak, maintaining its fresh character. This wine kit encourages you to enjoy the Sauvignon Blanc at its peak freshness. With no aging required, you can indulge in its crisp flavors shortly after bottling. Its versatility means it pairs wonderfully with a variety of dishes, making it a fantastic option for any meal, from light appetizers to vibrant salads and even sushi. Experience the joy of pairing this delightful wine with your culinary creations. Ingredient Kit Only Does Not Contain Alcohol.
Value: 1.0
Unit: Count
",https://m.media-amazon.com/images/I/71JllaFpxML.jpg,94.0,VineCo Original Series Chilean Sauvignon Blanc Wine Making Ingredient Kit,Food,1.0,Count
37614,"Item Name: NATURES PATH CEREAL FLK MULTIGRAIN ORG ECO, 32 OZ, PK- 6
Value: 192.0
Unit: Fl Oz
",https://m.media-amazon.com/images/I/21O9RftI2vL.jpg,35.74,"NATURES PATH CEREAL FLK MULTIGRAIN ORG ECO, 32 OZ, PK- 6",Food,192.0,Fl Oz
238044,"Item Name: Mrs. Miller's Seedless Black Raspberry Jam 9 Ounce (Pack of 4)
Bullet Point 1: Homemade Seedless Black Raspberry Jam made from the finest ripened black raspberries
Bullet Point 2: Hand scooped in Ohio‚Äôs Amish Country
Bullet Point 3: Made with real Cane Sugar
Bullet Point 4: Spoon it onto your toast or biscuit, or use it as a tasty glaze on your pork or chicken
Bullet Point 5: GMO Free
Product Description: Made from the finest ripened black raspberries, Mrs. Miller's Homemade Seedless Black Raspberry Jam packs a delicious sweet taste. Black raspberries possess one of the richest flavors of all fruits, so it is no surprise that this flavor ranks at the top of everyone's list. Spoon it onto your toast or biscuit, or use it as a tasty glaze on your pork or chicken. Don't be surprised if you find yourself licking off the spoon with this one, or even just eating it right out of the jar. Hand scooped in Ohio's Amish Country. Ingredients: Pure Cane Sugar, Black Raspberries, Water, Pectin Lemon Juice, Citric Acid
Value: 9.0
Unit: Ounce
",https://m.media-amazon.com/images/I/41miQk+RkJL.jpg,31.8,Mrs. Miller's Seedless Black Raspberry Jam 9 Ounce (Pack of 4),Food,9.0,Ounce
254947,"Item Name: Braswell's Key Lime Marinade for Sole 12oz
Bullet Point: Key Lime Marinade for sole. Very light but with a solid taste!
Product Description: Key Lime Marinade for sole. Very light but with a solid taste!
Value: 12.0
Unit: Ounce
",https://m.media-amazon.com/images/I/315YCWx0zrL.jpg,15.99,Braswell's Key Lime Marinade for Sole 12oz,Food,12.0,Ounce
283223,"Item Name: Albanese Assorted Gummi Bears, Sugar Free, 5-Pound Bags (Pack of 2)
Bullet Point: Case of two bags (total 10 pounds)
Value: 160.0
Unit: Ounce
",https://m.media-amazon.com/images/I/71qkXfh7y3S.jpg,33.5,"Albanese Assorted Gummi Bears, Sugar Free, 5-Pound Bags (Pack of 2)",Food,160.0,Ounce
21740,"Item Name: KiZE Bars, 4 Count, Cookie Dough Flavor, High Protein, Dairy Free, Gluten Free, Non-GMO, Soy Free Snack Food Bars
Bullet Point 1: REFRIGERATE: For maximum freshness and dessert-like taste!
Bullet Point 2: GREAT TASTE: Dessert like taste, kid approved, with minimal ingredients & maximum impact!
Bullet Point 3: HIGH PROTEIN: 8g-10g protein, A great high protein snack, meal replacement, breakfast on the go, pre and post workout, snack for kids, and healthy dessert snack!
Bullet Point 4: CLEAN & SIMPLE: Made with only 4-8 real food ingredients and from in-house freshly made nut-butters, KiZE Bars are packed with clean and simple food ingredients you can pronounce.
Bullet Point 5: LOOKING FOR VARIETY: We have plant-based, Keto, dairy-free, vegan options available for any dietary need. All KiZE bars are gluten free, natural, & soy free.
Bullet Point 6: MISSION BASED: With each KiZE Bar purchased, you are helping feed, support, and transform lives of those in need throughout the world. Your purchase impacts a community of 1,000 children in Haiti and helps serve the homeless, hungry, and youth right here in the USA!
Bullet Point 7: CONVINIENCE: KiZE bars are perfect for on-the-go lifestyles, as a meal replacement, pre & post workout, family friendly, or as a healthy dessert snack.
Bullet Point 8: FUEL YOUR BEST & EXPERIENCE THE KiZE DIFFERENCE!
Bullet Point 9: MADE IN THE USA!
Product Description: KiZE Energy Bar 4 Pack
Value: 4.0
Unit: Count
",https://m.media-amazon.com/images/I/41a5Wp9NKHL.jpg,6.98,"KiZE Bars, 4 Count, Cookie Dough Flavor, High Protein, Dairy Free, Gluten Free, Non-GMO, Soy Free Snack Food Bars",Food,4.0,Count
170292,"Item Name: Smuckers Natural Peanut Butter Chunky, 16 OZ (Pack of 12)
Product Description: Smucker's Natural Chunky Peanut Butter - | Kosher | Made without Hydrogenated Oils |Smucker's Natural Chunky Peanut Butter is made with roasted peanuts and a dash of salt.
Value: 192.0
Unit: Fl Oz
",https://m.media-amazon.com/images/I/31JwrRY9yqL.jpg,4.255,"Smuckers Natural Peanut Butter Chunky, 16 OZ (Pack of 12)",Food,192.0,Fl Oz
71500,"Item Name: BODYARMOR LYTE Sports Drink Low-Calorie Sports Beverage, Strawberry Banana, Coconut Water Hydration, Potassium-Packed Electrolytes, Perfect For Athletes, 28 Fl Oz (Pack of 12)
Bullet Point 1: Low Calorie
Bullet Point 2: No Sugar Added
Bullet Point 3: No Artificial Sweeteners, Flavors, or Dyes
Bullet Point 4: Potassium-Packed Electrolytes
Bullet Point 5: Vitamins & Antioxidants
Value: 336.0
Unit: Fl Oz
",https://m.media-amazon.com/images/I/81lSX9agSyL.jpg,1.67,"BODYARMOR LYTE Sports Drink Low-Calorie Sports Beverage, Strawberry Banana, Coconut Water Hydration, Potassium-Packed Electrolytes, Perfect For Athletes",Sports,336.0,Fl Oz
266475,"Item Name: Organic Vinegar; Apple Cider
Value: 102.0
Unit: Fl Oz
",https://m.media-amazon.com/images/I/41SHfxsFz5L.jpg,81.44,Organic Vinegar; Apple Cider,Food,102.0,Fl Oz
88520,"Item Name: Himalania Pink Salt Fine Jar 10.0 OZ(Pack of 6)
Value: 10.0
Unit: Ounce
",https://m.media-amazon.com/images/I/61-iuhdhkZL.jpg,56.72,Himalania Pink Salt Fine Jar 10.0 OZ(Pack of 6),Food,10.0,Ounce
125583,"Item Name: BUSH'S BEST 16 oz Canned Barbecue Baked Beans, Source of Plant Based Protein and Fiber, Low Fat, Gluten Free, (Pack of 12)
Value: 192.0
Unit: Ounce
",https://m.media-amazon.com/images/I/71B-6hQQDzL.jpg,5.47,BUSH,Food,192.0,Ounce
271423,"Item Name: BulkSupplements.com Trehalose Powder - Natural Sweetener, Trehalose Sugar Substitute - Vegan & Gluten Free, 5g per Serving, 5kg (11 lbs) (Pack of 5)
Bullet Point 1: Defining Sweetness, Redefined: At our core, a sweetener is not just a substitute for sugar; it's an invitation to a world where sweetness harmonizes with health. Our Trehalose powder is crafted to deliver the full sensory joy of sugar, minus the health drawbacks, paving the way to a life where indulgence and well-being walk hand-in-hand.
Bullet Point 2: Elevate Your Culinary Creations: Transform your kitchen into a sanctuary of health and taste with our versatile Trehalose powder, or Trehalose sugar. Perfect for baking, cooking, or just adding a touch of sweetness to your favorite beverage, our sweeteners maintain their delightful taste under a variety of conditions, making every dish a masterpiece of flavor.
Bullet Point 3: Peace of Mind in Every Serving: Enjoy the sweet life without fear! Our Trehalose powder, a natural sweetener, is meticulously manufactured to ensure they‚Äôre free from common allergens. This means you can indulge in your favorite sweets, confident in the knowledge that you‚Äôre not compromising your health for taste.
Bullet Point 4: Transparent and Trustworthy: Experience the confidence that comes with choosing a supplement that not only meets rigorous third-party testing but also upholds the principles of clarity and integrity in its formulation and production.
Bullet Point 5: Commitment to Excellence: Produced in a facility compliant with strict cGMP standards, our Trehalose powder, or low calorie sweetener, stands as a testament to our dedication to quality. You can trust in our product's consistency and excellence, batch after batch.
Product Description: At BulkSupplements.com, we sell dietary supplement ranging from amino acids & protein powders, to herbal supplements, vitamins & minerals that may help your health and wellness journey. Find the perfect addition to your daily routine. Our wide selection gives you the freedom to create your own supplement regimen for your health goals. We offer variety of forms to help you find what works for your lifestyle, pick between powder, capsules & softgels. Our broad selection of dietary supplements are manufactured according to cGMP Standards to ensure the highest quality for manufacturing, packaging, labeling, and holding operations. Plus, we work with a third-party laboratory that test our each batches of our products at multiple stages during production, from raw material to finished products, to ensures compliance, standards, and consistency. With a variety of more than 500 supplements, we have something for everyone. Whether you're looking to maintain optimal health or just want some help crossing the finish line, we've got you covered.
Value: 176.37
Unit: Ounce
",https://m.media-amazon.com/images/I/61S0ASqAujL.jpg,109.97,"BulkSupplements.com Trehalose Powder - Natural Sweetener, Trehalose Sugar Substitute - Vegan & Gluten Free, 5g per Serving, 5kg (11 lbs) (Pack of 5)",Food,176.37,Ounce
260842,"Item Name: Sayan Siberian All Day Set Instant Chaga Mushroom Tea, Pack of 3 Daily Tablets (90 Pcs) - Wild-Harvested, Premium Blend ‚Äì Natural Antioxidant Tea for Immune Support, Energy Boost & Improved Digestion
Bullet Point 1: All Day Chaga Longevity Program ‚ÄìSet includes Chaga with cordyceps & thyme for morning immunity, chaga with reishi & ginger for an afternoon transition, chaga with peach leaf & and Siberian fir extracts for an evening serving of antioxidants
Bullet Point 2: Powerful Immune Booster And Antioxidant ‚Äì Kings of Herbs adaptogen Chaga mushroom improves immunity and helps the body manage environmental pressure. Powerful antioxidant provides energy boos, help detox, and support liver
Bullet Point 3: Easy To Make, Smooth & Suprisingly Tasty ‚Äì A cross between tea and coffee, Chaga is neither too sweet nor over-powering. Soothing and calming blend, pleasantly mild and earthy with no aftertaste. Perfect on their own or with a dash of honey
Bullet Point 4: Wild Harvested In Pristine Siberian Forests ‚Äì Freeze-dried Chaga extract for maximum potency. Chaga instant tea tablet is uniquely blended with medicinal mushrooms and herbs extracts to provide maximum promote healthy living.
Bullet Point 5: All Natural Non-GMO, Dairy And Gluten Free ‚Äì Free from gluten, dairy, caffeine, preservatives, fillers, binders and artificial additives, Sayan non-GMO Chaga herbal tea is safe for vegetarian and vegan diets. Only the very best Chaga Tea is offered to you.
Product Description: Imagine all the benefits of wild harvested chaga mushroom instant tea and other health-giving gems from the earth, concentrated in single tablet for on-the-go maximum advantage. A dry compact-extract of chaga includes highest concentration of active ingredients. Why Choose Sayan All Day Chaga Mushroom Instant Tea? Sayan presents All Day Chaga Longevity Program, consisting of three exclusive tea tablets designed for daily use. Boasting unparalleled benefits on its own, Chaga has been used for centuries in Asian and Russian folk medicine, and is rich in antioxidants, minerals, flavonoids, polysaccharides, and melanin. When combined with other medicinal mushrooms and spices, the effect is a vibrant combination of bio nutrients that keeps you feeling energized and glowing. Sayan is the only company to pioneer the production technology required to encapsulate chaga tea benefits in compact extract form. Features of All Day Chaga Instant Tea: Provides strong antioxidant protection. Remarkable immunity supporting effects. Improves appearance of skin and hair. Supports the health of the nervous system and gastrointestinal tract. Promotes digestion and facilitate your body's natural ability to cleanse itself of toxins. All Day Chaga Instant Tea ‚Äì A Power Pack of Natural Immunity Boosters, Adaptogens & Antioxidants to Support Your Every Day Health: We've included three daily tea tablets in each pack: chaga with cordyceps and thyme for morning immunity, chaga with reishi and ginger for an afternoon transition, and chaga with peach leaf and Siberian fir extracts for an evening serving of antioxidants. Daily use of this trio of bodily protection and vitality support goes a long way towards maintaining optimal, radiant health.
Value: 90.0
Unit: Count
",https://m.media-amazon.com/images/I/71Vfi9gcRVL.jpg,50.99,"Sayan Siberian All Day Set Instant Chaga Mushroom Tea, Pack of 3 Daily Tablets (90 Pcs) - Wild-Harvested, Premium Blend ‚Äì Natural Antioxidant Tea for Immune Support, Energy Boost & Improved Digestion",Health,90.0,Count
267410,"Item Name: Food to Live Black-Eyed Peas, 25 Pounds - Raw Dried Whole Cow Peas, Kosher, Vegan, Sproutable. High in Dietary Fiber, Easy to Cook. Product of the USA
Bullet Point 1: ‚úîÔ∏èDelicious and highly nutritious, black-eyed beans are a great addition to any diet.
Bullet Point 2: ‚úîÔ∏èFood to Live Black-Eyed Beans are top-quality, free from any contaminants.
Bullet Point 3: ‚úîÔ∏èBlack-eyed peas taste amazing in a variety of dishes. They are extremely easy to cook.
Bullet Point 4: ‚úîÔ∏èThese legumes are one of the healthiest foods you can find. Rich in B vitamins and iron.
Bullet Point 5: ‚úîÔ∏èBlack-eyed beans make a great source of dietary fiber. Perfect for weight loss diets.
Product Description: <br>Black-eyed beans, also called cowpeas or black-eyed peas, are one of the most popular legumes. They are delicious and extremely versatile. Their high nutritional value and low calorie count makes them one of the best choices for weight loss diets. As they are rich in protein, they are a great meal choice for vegetarians and vegans.<br>Nutritional Value<br>Food to Live Black-Eyed Beans can help you meet your daily dose of B vitamins, as well as vitamin A, iron, and potassium. They are packed with dietary fiber, which helps normalize digestion and can facilitate weight loss. Black-eyed peas are the #1 food source of folate. <br>Directions<br>High versatility is one of the best features of black-eyed beans. You can cook them rather fast (soaking overnight is not mandatory), 20-30 minutes of full boil would do. Use them in salads or stews. Cook with spices or make delicious spreads.<br>This product is processed in a facility that also processes tree nuts and wheat.<br>
Value: 400.0
Unit: Ounce
",https://m.media-amazon.com/images/I/418XGvkQe-L.jpg,98.99,"Food to Live Black-Eyed Peas, 25 Pounds - Raw Dried Whole Cow Peas, Kosher, Vegan, Sproutable",Food,400.0,Ounce
201749,"Item Name: ALOHA Organic Plant Based Protein Bar MINIS |Caramel Chocolate Pecan | 20 Count, 24g Bars | Vegan, Low Sugar, Gluten Free, Low Carb, Non-GMO, Stevia Free, Soy Free, No Sugar Alcohols
Bullet Point 1: BOX CONTAINS 20 - 24g USDA ORGANIC CHOCOLATE CARAMEL PECAN PLANT BASED PROTEIN BARS
Bullet Point 2: 6 GRAMS OF USDA ORGANIC PLANT-BASED PROTEIN, 4g of Fiber, only 2g of Sugar, Nothing Artificial
Bullet Point 3: SERIOUSLY GREAT TASTING, Vegan, Non-GMO, gluten free snacks, Kosher, Soy-Free, Dairy-Free, Stevia-Free, High Fiber and Paleo Friendly
Bullet Point 4: MADE FOR A HEALTHY LIFESTYLE WITH 100% REAL WHOLE FOOD INGREDIENTS; organic brown rice protein, organic pumpkin seed protein, and nothing artificial
Bullet Point 5: üòã A DELICIOUS OPTION FOR VEGETARIANS, VEGANS, CELIACS AND PALEO FRIENDLY DIETS. Makes a perfect snack, meal replacement, breakfast on the go or helps to fuel or refuel pre/post workouts or exercise
Bullet Point 6: ALOHA CARES. As a Certified B-Corp, ALOHA cares as much about our products as we do about our people and planet!
Value: 20.0
Unit: Count
",https://m.media-amazon.com/images/I/518e+PYWKZL.jpg,32.09,"ALOHANatural Plant Based Protein Bar MINIS |Caramel Chocolate Pecan | 20 Count, 24g Bars | Vegan, Low Sugar, Gluten Free, Low Carb, Non-GMO, Stevia Free, Soy Free, No Sugar Alcohols",Food,20.0,Count
194856,"Item Name: PLANTERS Unsalted Dry Roasted Peanuts, Resealable Jar, Kosher Nuts, Plant-Based Protein, Quick Snack for Adults, After School Snack, 35 oz Canister
Bullet Point 1: One 35 oz Canister of PLANTERS Unsalted Dry Roasted Peanuts
Bullet Point 2: PLANTERS Unsalted Dry Roasted Peanuts are a heart healthy snack you can feel good about
Bullet Point 3: Packed in a resealable jar to lock in flavor and freshness
Bullet Point 4: Plain peanuts contain no added ingredients
Bullet Point 5: Unsalted peanuts are the perfect fit for a low sodium diet
Value: 1.0
Unit: Count
",https://m.media-amazon.com/images/I/81744zhvvuL.jpg,12.32,"PLANTERS Unsalted Dry Roasted Peanuts, Resealable Jar, Kosher Nuts, Plant-Based Protein, Quick Snack for Adults, After School Snack",Food,1.0,Count
81813,"Item Name: AMYS CHILI SPICY GF ORG, 14.7 OZ
Value: 14.7
Unit: Fl Oz
",https://m.media-amazon.com/images/I/419kYd-RbsL.jpg,4.12,AMYS CHILI SPICY GF ORG,Food,14.7,Fl Oz
234305,"Item Name: AriZona Mucho Mango Fruit Juice Cocktail, 20 Fl Oz (Pack of 12)
Bullet Point 1: REAL JUICE: AriZona Mucho Mango Drink is is the perfect Mango Juice and fruit flavor. Made using real mango fruit juice, super tasty!
Bullet Point 2: WHO'S THIRSTY?: Whether you're drinking straight from the bottle or a tall glass with ice, at home, school, or work, treat yourself with this thirst quenching beverage that's simply delicious.
Bullet Point 3: VITAMIN C: This product is rich with Vitamin C. It's a great tasting drink that can be enjoyed at any age.
Bullet Point 4: 100% NATURAL: This product is free from artificial flavors, coloring and preservatives.
Bullet Point 5: BULK 12 PACK: Order your favorite flavor of AriZona Fruit Juice Cocktail with ease in a 12 pack case
Value: 240.0
Unit: Fl Oz
",https://m.media-amazon.com/images/I/517fPOFX0KL.jpg,16.395,"AriZona Mucho Mango Fruit Juice Cocktail, 20 Fl Oz (Pack of 12)",Beverage,240.0,Fl Oz
154376,"Item Name: Trader Joe's Dark Chocolate Covered Espresso Beans 14 oz.
Bullet Point 1: Chocolate coverd
Bullet Point 2: Trader joes
Bullet Point 3: Trader joe's
Bullet Point 4: Trader joe's chocolate covered espresso beans
Product Description: Trader Joe's Dark Chocolate Covered Espresso Beans 14 oz.
Value: 14.0
Unit: Ounce
",https://m.media-amazon.com/images/I/51CFposir6L.jpg,17.095,Trader Joe,Food,14.0,Ounce
202016,"Item Name: Freeze Dried Air Heads (Tarbosaurus Tongues) 4.5 Oz
Bullet Point 1: Item form: Gummy
Bullet Point 2: Item weight: 0.28 pounds
Product Description: 4.5 Oz of Freeze Dried Air Heads. We don't overpack our machines so you can get quality freeze dried Now & Laters. Flavors include Blue Raspberry, Cherry, Orange, Grape, Watermelon, and Mystery. We ship all of the product from in-house in boxes, so your candy shouldn't come damaged or crushed like our competitors! We are a family owned and operated business! We greatly appreciate each and every order! It helps us to grow and provide you with more options of quality freeze dried candy! Be sure to check out all of our other products like Jolly Ranchers, Now & laters, Starbursts, Skittles, Tropical Jolly Ranchers, Nerd Gummies, and so much more!
Value: 4.5
Unit: Ounce
",https://m.media-amazon.com/images/I/71Yl2I5Z4TL.jpg,15.5,Freeze Dried Air Heads (Tarbosaurus Tongues) 4.5 Oz,Food,4.5,Ounce
116291,"Item Name: Klass Listo Jamaica Hibiscus Blended Mexican Drink Mix (2 x 14.1 oz. Packets)
Value: 28.2
Unit: Ounce
",https://m.media-amazon.com/images/I/815QiPHy1+L.jpg,20.61,Klass Listo Jamaica Hibiscus Blended Mexican Drink Mix (2 x 14.1 oz. Packets),Food,28.2,Ounce
234372,"Item Name: La Coste√±a Whole Pinto Beans with Jalape√±os, 19.75 Oz
Bullet Point: Great on their own, as a filling for burritos, tacos and tostadas, and more
Value: 19.75
Unit: Ounce
",https://m.media-amazon.com/images/I/71H5jcdd36L.jpg,1.58,"La Coste√±a Whole Pinto Beans with Jalape√±os, 19.75 Oz",Food,19.75,Ounce
116974,"Item Name: Colour Mill Oil-Based Food Coloring, 100 Milliliters (Navy)
Bullet Point 1: Color dyed and dispersed with these oils, allowing you to achieve color rich & vibrant
Bullet Point 2: Best in buttercream, Swiss meringue, chocolate, cake batter, ganache and fondant
Bullet Point 3: Allergen free
Bullet Point 4: Vegan
Bullet Point 5: Meets food safety standards of Australian and New Zealand Food Authority
Product Description: <b>Colour Mill Oil-Based Food Coloring</b> <li>Color dyed and dispersed with these oils, allowing you to achieve color rich & vibrant <li>Best in buttercream, Swiss meringue, chocolate, cake batter, ganache and fondant <li>Allergen free <li>Vegan <li>Meets food safety standards of Australian and New Zealand Food Authority<br><br> Shake well before use.<br> Take it easy, colors will develop over time.<br> Store in a cool dry place away from sunlight.<br> <br><br> Contains glycerol, colors and lecithin. <br><br> Blended & bottled in Australia from local & imported ingredients.
Value: 3.38
Unit: Fl Oz
",https://m.media-amazon.com/images/I/41p2lQ6RLML.jpg,19.845,"Colour Mill Oil-Based Food Coloring, 100 Milliliters (Navy)",Food,3.38,Fl Oz
178219,"Item Name: Maybelline New York Dream Matte Mousse Foundation, Porcelain Ivory, 0.64 Ounce
Bullet Point 1: Whipped mousse texture
Bullet Point 2: Matte perfect coverage
Bullet Point 3: Weightless, air soft feel
Value: 0.64
Unit: Ounce
",https://m.media-amazon.com/images/I/41V+yJ-a8SL.jpg,13.49,"Maybelline New York Dream Matte Mousse Foundation, Porcelain Ivory, 0.64 Ounce",Beauty,0.64,Ounce
248217,"Item Name: Marshalls Creek Spices SAGE GROUND 7 oz. Kraft Stand Up Pouch ECO Friendly Recyclable Mailer
Bullet Point 1: Marshalls Creek Spices buys in small quantities and packs weekly providing the freshest products possible. Fresher ingredients means more flavor and a longer shelf life.
Bullet Point 2: No Fillers -No Free Flowing Agents or Coloring Agents - No MSG
Bullet Point 3: All Natural & Kosher
Bullet Point 4: Our Spices Are All Hand Packed and 100% Manually Processed, Keeping Our Eco Footprint Smaller. Unlike Those Giants In The Industry
Bullet Point 5: 7 ounce resealable stand up pouch of Ground Sage Ingredients: sage (powder) Sage is an aromatic spice that pairs with turkey, chicken, sausage and beef. Many vegetarian dishes, inluding ""faux"" meat, use sage to imitate the flavors of a non-vegetarian diet.
Product Description: 7 ounce resealable stand up pouch of Ground Sage Ingredients: sage (powder) Sage is an aromatic spice that pairs with turkey, chicken, sausage and beef. Many vegetarian dishes, inluding ""faux"" meat, use sage to imitate the flavors of a non-vegetarian diet.
Value: 7.0
Unit: Ounce
",https://m.media-amazon.com/images/I/71jO3GmXfjL.jpg,12.78,Marshalls Creek Spices SAGE GROUND 7 oz. Kraft Stand Up Pouch ECO Friendly Recyclable Mailer,Food,7.0,Ounce
22148,"Item Name: Dark Chocolate Nonpareils - 5 LB Resealable Stand Up Candy Bag - Chocolate Discs Topped with White Nonpareils - Gourmet Chocolates - Bulk Candies for Parties or Holidays
Bullet Point 1: When a special occasion calls for a fancy sweet, nonpareils are a classic dessert with both sophistication and taste. This resealable stand up candy bag contains five (5) pounds of delicious dark chocolate nonpareils.
Bullet Point 2: Topped with white nonpareils, these delicious chocolate discs add a bit of class to any event. Serve them to friends and family at a wedding shower, baby shower, anniversary party, retirement party, graduation, wedding reception, gender reveal party, engagement party, or sweet sixteen birthday party.
Bullet Point 3: The rich dark chocolate disk is a perfect holiday treat to serve for Christmas, Easter, Thanksgiving, Valentine's Day, New Year's Eve, Halloween, or even for casual dinner party with friends and family.
Bullet Point 4: No need to wait for a special occasion to serve your nonpareils. Share these classic and unique treats at an office party, Christmas party, Easter festival, school party, movie night, or church festival.
Bullet Point 5: Save yourself the trouble of baking up a storm. The bulk candy bag is a great way to make sure all of your guests all get a chance to try a unique and beautiful gourmet chocolate candy.
Product Description: When a special occasion calls for a fancy sweet, nonpareils are a classic dessert with both sophistication and taste. This resealable stand up candy bag contains five (5) pounds of delicious dark chocolate nonpareils. Topped with white nonpareils, these delicious chocolate discs add a bit of class to any event. Serve them to friends and family at a wedding shower, baby shower, anniversary party, retirement party, graduation, wedding reception, gender reveal party, engagement party, or sweet sixteen birthday party. The rich dark chocolate disk is a perfect holiday treat to serve for Christmas, Easter, Thanksgiving, Valentine's Day, New Year's Eve, Halloween, or even for casual dinner party with friends and family. No need to wait for a special occasion to serve your nonpareils. Share these classic and unique treats at an office party, Christmas party, Easter festival, school party, movie night, or church festival. Save yourself the trouble of baking up a storm. The bulk candy bag is a great way to make sure all of your guests all get a chance to try a unique and beautiful gourmet chocolate candy.
Value: 80.0
Unit: Ounce
",https://m.media-amazon.com/images/I/A1uprRCW2wL.jpg,64.99,Dark Chocolate Nonpareils - 5 LB Resealable Stand Up Candy Bag - Chocolate Discs Topped with White Nonpareils - Gourmet Chocolates - Bulk Candies for Parties or Holidays,Food,80.0,Ounce
7575,"Item Name: Country Archer Beef Stick, Jalapeno 1.0 OZ (Pack of 4)
Value: 4.0
Unit: Count
",https://m.media-amazon.com/images/I/419ORKX0w-L.jpg,30.78,"Country Archer Beef Stick, Jalapeno 1.0 OZ (Pack of 4)",Food,4.0,Count
100323,"Item Name: Snyder‚Äôs of Hanover Gluten Free Pretzel variety pack
Value: 21.0
Unit: Ounce
",https://m.media-amazon.com/images/I/51w1PyY-mBL.jpg,23.99,Snyder's of Hanover Gluten Free Pretzel variety pack,Food,21.0,Ounce
109029,"Item Name: Camellia Brand Dried Black Beans, 1 Pound (Pack of 2)
Bullet Point 1: Dry Black Beans: Small, oval-shaped beans with a big, meaty flavor. A staple in virtually all Latin cuisines, they‚Äôre delicious in salads, soups, purees, and stews, whether vegetarian or seasoned with meat
Bullet Point 2: Hearty and Nutritious: Simmer them or use for soups, stews and side dishes. Add them to lamb, create a snack for the day, or a warm porridge for the evening. A great source of protein for vegans and vegetarians
Bullet Point 3: Gluten-Free: Packed with essential vitamins, antioxidants, and electrolytes, each bag of beans contains protein and fiber. Our gluten-free and non-GMO dry beans, peas and lentils are USA grown
Bullet Point 4: Serious About Beans: Get the best bean for your favorite dinner or dip recipe! Choose from 19 varieties of red kidney, navy, lima, Great Northern, pinto, lady cream, garbanzo, blackeye, split peas, and lentils
Bullet Point 5: Camellia Quality: A family-owned company and New Orleans favorite, Camellia prides itself on offering beans, peas, and lentils to nurture families, traditions and memories
Product Description: Dry Black Beans: Small, oval-shaped beans with a big, meaty flavor. A staple in virtually all Latin cuisines, they‚Äôre delicious in salads, soups, purees, and stews, whether vegetarian or seasoned with meat. Hearty and Nutritious: Simmer them or use for soups, stews and side dishes. Add them to lamb, create a snack for the day, or a warm porridge for the evening. A great source of protein for vegans and vegetarians. Gluten-Free: Packed with essential vitamins, antioxidants, and electrolytes, each bag of beans contains protein and fiber. Our gluten-free and non-GMO dry beans, peas and lentils are USA grown. Serious About Beans: Get the best bean for your favorite dinner or dip recipe! Choose from 19 varieties of red kidney, navy, lima, Great Northern, pinto, lady cream, garbanzo, blackeye, split peas, and lentils. Camellia Quality: A family-owned company and New Orleans favorite, Camellia prides itself on offering beans, peas, and lentils to nurture families, traditions and memories
Value: 32.0
Unit: Ounce
",https://m.media-amazon.com/images/I/513R-hsHWDL.jpg,12.85,"Camellia Brand Dried Black Beans, 1 Pound (Pack of 2)",Food,32.0,Ounce
38571,"Item Name: Arrowhead Mills Organic Green Lentils, 16-Ounce Bags (Pack of 6)
Bullet Point: ...
Value: 12.0
Unit: Count
",https://m.media-amazon.com/images/I/517WwZuggLS.jpg,9.27,"Arrowhead Mills Organic Green Lentils, 16-Ounce Bags (Pack of 6)",Food,12.0,Count
56340,"Item Name: Iberia Organic Red Kidney Beans 15.5 oz (Pack of 8)
Bullet Point 1: FRESH AND VERSATILE: Versatile, fresh, and packed with flavor, Iberia Organic Red Kidney Beans have a signature rich, red color and classic bean shape.
Bullet Point 2: MEATY AND HEARTY: These organic red kidney beans have a meaty and hearty consistency with a very refreshing taste that pairs well with a wide variety of meals.
Bullet Point 3: CERTIFIED ORGANIC: Iberia organic red kidney beans are certified organic, these premium red kidney beans are 100% natural made with natural sea salt without any artificial ingredients or color.
Bullet Point 4: ALL NATURAL: Iberia organic red kidney beans containes no chemicals and are full of many vitamins and nutrients. These beans can be used in a wide variety of hot and cold dishes. Add them to stews, chili and soups or make a healthy and delicious cold bean salad, there are endless possibilites with red kidney beans.
Bullet Point 5: BULK SUPPLY: Bulk supply of 8 x 15.5 oz cans of organic red kidney beans.
Value: 124.0
Unit: Ounce
",https://m.media-amazon.com/images/I/81NmzWgfiKL.jpg,29.96,Iberia Organic Red Kidney Beans 15.5 oz (Pack of 8),Food,124.0,Ounce
196576,"Item Name: Buchu Leaf (Organic) Tea (Loose) (4 oz, ZIN: 512125) - 3 Pack
Bullet Point 1: Buchu Leaf (Organic) Tea (Loose) (4 oz, ZIN: 512125)
Bullet Point 2: No fillers.
Bullet Point 3: Manufacturer: TerraVita
Bullet Point 4: Size: 4 oz
Bullet Point 5: Loose Leaf Herbal Tea - Packed in a convenient upright pouch!
Product Description: Buchu Leaf (Organic) Tea (Loose) (4 oz, ZIN: 512125)<BR><BR>Packaged in the United States in a GMP certified facility (Good Manufacturing Practice).<BR><BR>No fillers.<BR><BR>Manufacturer: TerraVita<BR><BR>Size: 4 oz<BR><BR>Loose Leaf Herbal Tea - Packed in a convenient upright pouch!<BR><BR>Ingredients: Buchu
Value: 12.0
Unit: Ounce
",https://m.media-amazon.com/images/I/41VxFtyBHkL.jpg,124.52,"Buchu Leaf (Organic) Tea (Loose) (4 oz, ZIN: 512125)",Food,12.0,Ounce
274881,"Item Name: Starbucks Ground Coffee, 16 caffe verona 32 Ounce (Pack of 2)
Bullet Point 1: Contains preground, drip-brewing coffee to give you the Starbucks experience from your own standard coffeemaker
Bullet Point 2: Full-bodied blend of Latin American and Asia/Pacific coffees with the sweet touch of Italian Roast
Bullet Point 3: Features a fuller body and robust, bold flavors
Bullet Point 4: Item Package Dimension: 9.0"" L x 3.0"" W x 4.0"" H
Value: 32.0
Unit: Ounce
",https://m.media-amazon.com/images/I/61agF+F46JL.jpg,16.99,"Starbucks Ground Coffee, 16 caffe verona 32 Ounce (Pack of 2)",Food,32.0,Ounce
166681,"Item Name: Celestial Seasonings Herbal Tea, Red Zinger, 20 Count
Bullet Point: Caffeine Free
Value: 20.0
Unit: Count
",https://m.media-amazon.com/images/I/51RLUYQ1ZnL.jpg,5.49,"Celestial Seasonings Herbal Tea, Red Zinger, 20 Count",Food,20.0,Count
95469,"Item Name: Community Coffee Breakfast Blend 36 Count Coffee Pods, Medium Roast, Compatible with Keurig 2.0 K-cup Brewers, 12 Count (Pack of 3)
Bullet Point 1: Breakfast Blend: Start your day with this smooth, bright, medium roast coffee with notes of honey and hazelnut.
Bullet Point 2: Coffee Pods: We take high-quality 100% Arabica beans, roast and grind them to perfection, then package them in single-serve coffee pods that are Keurig 2.0 (k-cup) compatible for quick, easy brewing
Bullet Point 3: Community Is Everything: From using responsibly sourced coffee beans to programs that support military service members, local schools and more, Community Coffee gives back to our partners and local communities in every way we can
Bullet Point 4: How You Like It: We have k-cup compatible single-serve coffee pods for a quickly brewed cup. For reusable pods, we have whole beans or ground coffee for the same great Community Coffee taste
Bullet Point 5: Quality Assured: All of our coffee beans go through a rigorous scoring system for body, balance, flavor and aroma. Only then can they be considered fit to bear the Community Coffee name
Value: 36.0
Unit: Count
",https://m.media-amazon.com/images/I/81x94lyQl7S.jpg,12.23,"Community Coffee Breakfast Blend 36 Count Coffee Pods, Medium Roast, Compatible with Keurig 2.0 K-cup Brewers, 12 Count (Pack of 3)",Food,108.0,Count
255445,"Item Name: Don Francisco's 100% Colombia Supremo Ground Coffee, Medium Roast, 100% Arabica (12 Ounce Can)
Bullet Point 1: WITH A SWEET FLORAL AROMA AND WINEY NOTES you savor with every cup, made with the finest Colombian coffees.
Bullet Point 2: WE ARE COMMITTED TO PROVIDING PREMIUM COFFEE with a greener coffee footprint through sustainable practices
Bullet Point 3: OUR DIRECT IMPACT INITIATIVE influences every business decision we make so that we can preserve natural resources and our environment for future generations of our family and yours.
Bullet Point 4: NEARLY 150 YEARS EXPERTISE IN COFFEE: With nearly 150 years‚Äô experience in sourcing, blending and roasting coffee, you can be sure that you will get a consistently rich and satisfying coffee.
Bullet Point 5: BLENDED, ROASTED and packed in the U.S.A.
Value: 12.0
Unit: Ounce
",https://m.media-amazon.com/images/I/712yxCCqObL.jpg,6.99,"Don Francisco's 100% Colombia Supremo Ground Coffee, Medium Roast, 100% Arabica (12 Ounce Can)",Food,12.0,Ounce
259866,"Item Name: KaBloom Flowers - Exotic Perla White Orchid Bouquet of 10 White Orchids Without Vase - Gift for Birthday, Get Well, Easter, Valentine, Mother‚Äôs Day Fresh Flowers
Bullet Point 1: Composition: The bloom collection includes fresh White Orchids Without Vase. We ship in a specially designed box that protects the flowers during transit.
Bullet Point 2: Fresh Flowers: Our fresh flower bouquets are shipped in their bud stage, ensuring easier transport and longer-lasting blooms. The flowers will fully open within 2‚Äì3 days.
Bullet Point 3: Gift Note: To ensure your gift inlcudes your information for the recipient, At checkout, please check off ""THIS IS A GIFT"" or ""ADD A GIFT RECEIPT"" and please include your name in the message.
Bullet Point 4: Care and Handling: To ensure your flowers thrive, remove your bouquet from its wrap, cut them by 1 inches at an angle, and place them in a vase filled with fresh luke warm water.
Bullet Point 5: Fresh flowers for Birthdays, Get Well Gift for Women, Anniversary, Graduation, Sympathy, Congratulations, Thank You, or Just Because
Value: 1.0
Unit: Count
",https://m.media-amazon.com/images/I/41yekhILvVL.jpg,58.13,"KaBloom Flowers - Exotic Perla White Orchid Bouquet of 10 White Orchids Without Vase - Gift for Birthday, Get Well, Easter, Valentine, Mother‚Äôs Day Fresh Flowers",Flowers,1.0,Count
59900,"Item Name: Jiva Organic Coconut Milk Powder 1.25 LB - Gluten Free, Vegan, Dairy Free, All Natural Plant Based Creamer, Keto Friendly, Full Fat & Premium Sri Lankan Quality
Bullet Point 1: You will LOVE our USDA Organic Coconut Milk Powder by Jiva Organics
Bullet Point 2: Our Dried Coconut Milk Powder Bulk is a delicious and nutritious non-dairy creamer. Perfect for use in Coffee and Lattes.
Bullet Point 3: Unlike other brands, ours is a full fat, premium quality. That means you will use less and be more flavorful! Even tastes amazing right out of the bag! Can be used for bath bombs too!
Bullet Point 4: Grown in Sri Lanka. Sri Lankan coconuts are far superior than Vietnamese or Phillipines coconuts, and the taste is evident when you try it!
Bullet Point 5: Large 1.25 Pound bag offers a great value. Packaged in a sealed, resealable foil bag that does not allow light or heat.
Bullet Point 6: Gluten Free. Organic. Non-GMO. Vegan and Dairy Free.
Product Description: Organic Coconut Milk Powder Full Fat Premium Quality 1.25 LB Bag from Jiva Organics
Value: 20.0
Unit: Ounce
",https://m.media-amazon.com/images/I/5109C4f2fWL.jpg,11.98,"Jiva Organic Coconut Milk Powder 1.25 LB - Gluten Free, Vegan, Dairy Free, All Natural Plant Based Creamer, Keto Friendly, Full Fat & Premium Sri Lankan Quality",Food,20.0,Ounce
61692,"Item Name: Pickled Garlic, Sweet, 2-14 Ounce Jars
Value: 28.0
Unit: Ounce
",https://m.media-amazon.com/images/I/713ZxAkzdDL.jpg,29.94,"Pickled Garlic, Sweet, 2-14 Ounce Jars",Food,28.0,Ounce
56211,"Item Name: Simple Mills Rosemary & Sea Salt Almond Flour Crackers Family Size, Pack of 6
Bullet Point 1: Receive 6 family sized boxes of Simple Mills Rosemary & Sea Salt Almond Flour Crackers. The ultimate, everyday snack that fuels you - no matter what adventures the day has in store for you.
Bullet Point 2: Take a look at our nutritious cracker ingredients. Nutrient dense, purposeful ingredient list for these delicious snacks from Simple Mills.
Bullet Point 3: See our reviews on your iPhone, iPad, Android, or laptop by scrolling down to see how other consumers rate our delicious taste!
Bullet Point 4: Nothing artificial, ever. Shelf stable snack that is perfect for stocking up the pantry and great way to gain energy and boost productivity
Bullet Point 5: Made With Simple Ingredients, Certified Gluten free, Non-GMO, Grain Free, Corn Free, Paleo Friendly, Plant Based
Value: 42.0
Unit: Ounce
",https://m.media-amazon.com/images/I/519Zkpcwe+L.jpg,7.56,"Simple Mills Rosemary & Sea Salt Almond Flour Crackers Family Size, Pack of 6",Food,42.0,Ounce
140715,"Item Name: Equator Coffees, Equator Blend Ground Coffee, Medium Dark Roast, Fresh Roasted, Smooth Chocolate & Nutmeg Flavor Notes, Sustainable, 10.5 oz Bag
Bullet Point 1: EQUATOR BLEND: Our namesake blend is always on bar in our cafes and features 100% Arabica coffees from some of the world's best growing regions, including Kenya, Colombia, Sumatra and Brazil
Bullet Point 2: FLAVOR PROFILE: Mellow and complex with flavors of apricot, milk chocolate, marzipan and nutmeg, this crowd-pleasing blend is rich, smooth, and tastes great black or paired with milk or other creamers
Bullet Point 3: Roasted from Marin County, California since 1995 ‚Äî Equator connects sustainable global coffee farming communities to coffee lovers in the US.
Bullet Point 4: SUSTAINABLE SOLUTIONS: We nurture long-term relationships with growers who practice responsible land stewardship and sustainable farming; We also use plant-based packaging and energy efficient coffee roasters
Bullet Point 5: WOMEN-FOUNDED: Equator Coffees has committed 25+ years to sustainable, fair trade coffee practices; Becoming the first California coffee roaster to be Fair Trade and B Corporation-certified solidified our leadership in the global movement for an inclusive, equitable, and regenerative economy
Value: 10.5
Unit: Ounce
",https://m.media-amazon.com/images/I/51i-Etr3OtL.jpg,34.57,"Equator Coffees, Equator Blend Ground Coffee, Medium Dark Roast, Fresh Roasted, Smooth Chocolate & Nutmeg Flavor Notes, Sustainable",Food,10.5,Ounce
186165,"Item Name: Seasons Brand Imported Skinless & Boneless Sardines in Water No Salt Added -- 4.25 oz - 3PC
Value: nan
Unit: None
",https://m.media-amazon.com/images/I/41HJmvLaTyL.jpg,2.54,Seasons Brand Imported Skinless & Boneless Sardines in Water No Salt Added -- 4.25 oz - 3PC,Food,,None
272258,"Item Name: Yoo-Hoo Chocolate Drink, 4 ct
Bullet Point: 99% caffeine free
Value: 48.0
Unit: Fl Oz
",https://m.media-amazon.com/images/I/516hutu+NlL.jpg,4.42,"Yoo-Hoo Chocolate Drink, 4 ct",Beverage,48.0,Fl Oz
191961,"Item Name: Carniceria Compare, Mineragua Club Soda, 12.5 Fl Oz
Bullet Point 1: No Caffeine
Bullet Point 2: With 100% Sugar
Bullet Point 3: Gluten Free
Product Description: Jarritos - Carniceria Compare, Mineragua Club Soda, 12.5 Fl Oz
Value: 12.5
Unit: Fl Oz
",https://m.media-amazon.com/images/I/71J7Dw79WmL.jpg,0.94,"Mineragua Club Soda, 12.5 Fl Oz",Beverage,12.5,Fl Oz
245797,"Item Name: THE GOOD CRISP COMPANY Outback BBQ Crinkle Cut Potato Chips, 5.5 OZ
Bullet Point 1: Package type name: Bag
Bullet Point 2: Snack chip type: potato_chip
Bullet Point 3: Nutritional info: 0.0 percent_daily_value_fda
Value: 5.5
Unit: Ounce
",https://m.media-amazon.com/images/I/81vRpY-QcYL.jpg,6.69,"THE GOOD CRISP COMPANY Outback BBQ Crinkle Cut Potato Chips, 5.5 OZ",Food,5.5,Ounce
278964,"Item Name: Carbquik Baking Mix, 3 Lb (48 Oz) (Pack of 1)
Bullet Point 1: 3 lb Box makes 90 biscuits, just add water!
Bullet Point 2: 90% less carbs than bisquick
Bullet Point 3: 2g Net Carbs per biscuit
Bullet Point 4: No sugar - High in fiber - Low sodium - High in protein
Bullet Point 5: 9 different recipes on the box
Value: 48.0
Unit: Ounce
",https://m.media-amazon.com/images/I/81LVG0KNOeL.jpg,30.475,"Carbquik Baking Mix, 3 Lb (48 Oz) (Pack of 1)",Food,48.0,Ounce
133751,"Item Name: GRADY‚ÄôS COLD BREW Coffee Pouches | New Orleans Style | 100% Arabica Ground Coffee & Chicory | TWO Coffee Cans, each with 4 Easy-to-Brew Bean Bags | Makes 24 drinks
Bullet Point 1: Great taste: 100% arabica coffee blended with imported French chicory and a touch of spice, which make it naturally sweeter and more flavorful than plain coffee; all natural, sugar-free, vegan, low calorie, non-GMO, and gluten-free
Bullet Point 2: Ultra convenient: Simply steep bean bags in cold water for 12-24 hours and you‚Äôre ready to enjoy! No need for special equipment, say goodbye to messy brewing processes and hello to convenience
Bullet Point 3: Saves time: Grady‚Äôs brews while you snooze, your delicious concentrate will stay fresh for two weeks in the fridge. No need to wait in coffee shop lines, just pour and enjoy
Bullet Point 4: Super versatile: Strong enough to taste great anyway you like it. Just dilute with water, your milk of choice, or almost anything you can imagine to make your perfect drink. Blend, Bake, or Spike too!
Bullet Point 5: Unbeatable value: Around $1 per drink. You‚Äôd spend at least $5 at the coffeeshop for the same quality and flavor
Product Description: Grady's Cold Brew Bean Bags are a B.I.Y. (Brew It Yourself) kit that lets anyone make cold-brewed iced coffee fresh at home. The Bean Bags‚Äîliterally, bags with ground coffee beans, chicory, and spices‚Äîsoak overnight in water and can be easily disposed of (or composted) the next day. Super-easy. No special equipment required. One part Grady‚Äôs + one part milk (or water for black coffee) = total perfection. Feeling adventurous? Keep your brewed concentrate in the fridge for up to a week and pour a cup whenever you want. All of Grady's products are all-natural, sugar-free, vegan, low calorie, non-GMO, and gluten-free. One Bundle contains (4) 2oz Bean Bags. Each bag brews (3) servings of concentrate. The brewed concentrate must be refrigerated and stays good for up to a week. Our decaf cold brew contains 3.4mg of caffeine per serving. Made in New York City.
Value: 16.0
Unit: Ounce
",https://m.media-amazon.com/images/I/71BWJcm7FXL.jpg,34.925,"GRADY‚ÄôS COLD BREW Coffee Pouches | New Orleans Style | 100% Arabica Ground Coffee & Chicory | TWO Coffee Cans, each with 4 Easy-to-Brew Bean Bags | Makes 24 drinks",Food,16.0,Ounce
188740,"Item Name: Crystal Light On The Go Raspberry Lemonade Drink Mix, 10-Packet Box (Pack of 50)
Bullet Point 1: Each Box Contains 10 Individual Packets That You Mix with Up to 16.9 Fluid Ounces (500 ml) of Water
Bullet Point 2: Sugar Free, Each 8 Oounce (237 ml) Serving Contains 5 Calories
Bullet Point 3: Low in Sodium and Caffeine Free
Bullet Point 4: Gluten Free and Kosher
Bullet Point 5: Crystal Light On The Go has 90% Fewer Calories Than Leading Beverages
Product Description: Crystal Light On The Go turns the water you need into the water you will love. It transforms ordinary water with fabulous fruit flavors and tantalizing teas. Each sip is the perfect way to refresh, renew and satisfy your thirst for something different.
Value: 50.0
Unit: Count
",https://m.media-amazon.com/images/I/91wKwXmnXSL.jpg,2.99,"Crystal Light On The Go Raspberry Lemonade Drink Mix, 10-Packet Box (Pack of 50)",Food,50.0,Count
216435,"Item Name: Beulah's Christmas Candy Corn, 1 Pound Package, 240 Pieces of Candy
Bullet Point 1: Red, Green, and White
Bullet Point 2: Festive and Sweet
Bullet Point 3: Candy Corn for Christmas
Product Description: Traditional Flavor of Christmas Candy Corn: Each piece captures the familiar sweetness of candy corn, with a festive twist. The combination of white, red, and green colors adds a merry touch. You can buy these candies at Beulah‚Äôs Candyland.
Value: 16.0
Unit: Ounce
",https://m.media-amazon.com/images/I/71G2sLy8wDL.jpg,20.79,"Beulah's Christmas Candy Corn, 1 Pound Package, 240 Pieces of Candy",Food,16.0,Ounce
147811,"Item Name: Zabaglione Strawberry Pu-erh Tea (50 tea bags, ZIN: 535909) - 3 Pack
Bullet Point 1: Our Zabaglione Strawberry Pu-erh Tea is a terrific flavored Pu-erh tea with Dried Strawberries and Strawberry Leaf that you can enjoy again and again! You will really enjoy the special Zabaglione Strawberry aroma and taste! - Ingredients: Pu-erh tea, Dried Strawberries, Strawberry Leaf and Natural Zabaglione Strawberry Flavor.
Bullet Point 2: No fillers.
Bullet Point 3: Manufacturer: TerraVita
Bullet Point 4: Size: 50 tea bags
Bullet Point 5: Pu-erh Tea Bags - Packed in a convenient upright pouch!
Product Description: Our Zabaglione Strawberry Pu-erh Tea is a terrific flavored Pu-erh tea with Dried Strawberries and Strawberry Leaf that you can enjoy again and again! You will really enjoy the special Zabaglione Strawberry aroma and taste! - Ingredients: Pu-erh tea, Dried Strawberries, Strawberry Leaf and Natural Zabaglione Strawberry Flavor. - Hot tea brewing method: Bring freshly drawn cold water to a rolling boil. Place 1 teabag for each desired cup into the teapot. Pour the boiling water into the pot, cover and let steep for 2-4 minutes. Pour into your cup; add milk and natural sweeteners to taste. - Iced tea brewing method: (to make 1 liter/quart): Place 5 teabags into a teapot or heat resistant pitcher. Pour 1 1/4 cups of freshly boiled water over the teabags. Steep for 5 minutes. Quarter fill a serving pitcher with cold water. Pour the tea into the serving pitcher. Add ice and top-up with cold water. Garnish and sweeten to taste. - TerraVita is an exclusive line of premium-quality, natural source products that use only the finest, purest and most potent ingredients found around the world. TerraVita is hallmarked by the highest possible standards of purity, potency, stability and freshness. All of our products are prepared with the highest elements of quality control, from raw materials through the entire manufacturing process, up to and including the moment that the bottles or bags are sealed for freshness and shipped out to you. Our highest possible standards are certified by independent laboratories and backed by our personal guarantee. - TerraVita exists to meet and ensure your family's health and wellness without the harmful effects of chemicals and health products. We strive to make all of our products affordable and reliable and are constantly searching the market to maint
Value: 150.0
Unit: Count
",https://m.media-amazon.com/images/I/81G3xAaGX1L.jpg,57.7,"Zabaglione Strawberry Pu-erh Tea (50 tea bags, ZIN: 535909) - 3 Pack",Food,150.0,Count
48188,"Item Name: Haldiram's plain bhujia 35.30 oz
Product Description: Mild Spicy tepary beans floor noodles
Value: 35.3
Unit: Ounce
",https://m.media-amazon.com/images/I/61Ua-AhcAsL.jpg,24.99,Haldiram's plain bhujia,Food,35.3,Ounce
260170,"Item Name: Food to Live - Blanched Whole Almonds, 2 Pounds ‚Äî Raw, Skinless, Unsalted, Keto, Vegan, Kosher, Bulk. High in Protein, Fiber, Vitamin E, Riboflavin.
Bullet Point 1: ‚úîÔ∏è MILD DELICIOUS TASTE: Whole Blanched Almonds creamy and nutty, without a trace of bitterness, thats usually hidden in the skin.
Bullet Point 2: ‚úîÔ∏è MINIMALLY PROCESSED: Blanching removes very little in terms of nutritional value, so peeled almonds are just as good for you.
Bullet Point 3: ‚úîÔ∏è PROTEIN AND FIBER: Almonds are a naturally good source of fiber and protein, as well as some vitamins and iron.
Bullet Point 4: ‚úîÔ∏è INGREDIENT FOR SWEET AND SAVORY DISHES: Whole blanched almonds are versatile as a cooking ingredient and will taste great in both salads and desserts.
Bullet Point 5: ‚úîÔ∏è HOMEMADE ALMOND BUTTER & MILK: Use blanched almonds to make delicious and creamy nut milk and butter.
Product Description: <p>Food to Live Whole Blanched Almonds make a great snack. You can eat them raw or roast them to bring out their rich, nutty flavor. Blanched almonds look great when added to salads or baked goods. They can also be ground into paste or flour. Buying blanched almonds will save you time as you won‚Äôt have to soak the nuts and peel off the skins on your own. </p> <p>This product is processed in a facility that also processes wheat. </p> <p>WARNING: Contains Tree Nuts! </p>
Value: 32.0
Unit: Ounce
",https://m.media-amazon.com/images/I/51O66fn0twL.jpg,17.634999999999998,"Food to Live - Blanched Whole Almonds, 2 Pounds ‚Äî Raw, Skinless, Unsalted, Keto, Vegan, Kosher, Bulk",Food,32.0,Ounce
24701,"Item Name: Lavazza Gran Riserva Filtro Ground Coffee Dark Roast 8oz Brick
Product Description: Gran Riserva Filtro Dark Roast Ground Coffee By Lavazza - 8 oz Coffee - NEW - -
Value: 8.0
Unit: Ounce
",https://m.media-amazon.com/images/I/41inyENsVFL.jpg,10.49,Lavazza Gran Riserva Filtro Ground Coffee Dark Roast 8oz Brick,Food,8.0,Ounce
65474,"Item Name: Sapsquatch Organic Maple Sugar (4 Pounds)
Bullet Point 1: Certified Organic Maple Sugar
Bullet Point 2: Made completely from organic Grade-A maple syrup
Bullet Point 3: No chemicals, preservatives, artificial flavors, colors, or other additives
Product Description: Sapsquatch Organic Maple Sugar is family produced in Northwest Pennsylvania, sustainably harvested from hardwood forests. We pride ourselves on making the best sugar possible, and are confident you'll enjoy eating it as much as we enjoy making it! Use it on sweets, meats, and breakfast treats. Made from 100% Grade A Maple Syrup. Note - All maple sugar has a consistency similar to brown sugar. Small soft lumps may appear, simply apply light pressure and they should crumble. This is due to a small amount of required residual moisture, over dried maple sugar forms hard clump and should be avoided.
Value: 64.0
Unit: Ounce
",https://m.media-amazon.com/images/I/81Il62HfpaL.jpg,63.99,Sapsquatch Organic Maple Sugar (4 Pounds),Food,64.0,Ounce
151954,"Item Name: Bonne Maman Assorted Mini Jams - Strawberry, Apricot, Raspberry, Orange Marmalade, Cherry - 8.82 ounces total
Bullet Point 1: Bonne Maman Mini Jams Variety Pack
Bullet Point 2: Strawberry, Apricot, Raspberry, Marmalade, Cherry
Bullet Point 3: Product of France
Product Description: Assorted jams from france.
Value: 8.82
Unit: Ounce
",https://m.media-amazon.com/images/I/41KzFOBS1qL.jpg,11.46,"Bonne Maman Assorted Mini Jams - Strawberry, Apricot, Raspberry, Orange Marmalade, Cherry",Food,8.82,Ounce
25549,"Item Name: V8 Juice, 11.5-Ounce Bottles (Pack of 24)
Bullet Point 1: Pack of twenty four, 11.5-Ounce can
Bullet Point 2: 2 full servings of vegetables per can
Bullet Point 3: 100% vegetable juice from concentrate with added ingredients
Bullet Point 4: Its very nutritious and vitamin rich food
Value: 276.0
Unit: Fl Oz
",https://m.media-amazon.com/images/I/61+hWhoJ-jL.jpg,12.795000000000002,"V8 Juice, 11.5-Ounce Bottles (Pack of 24)",Food,276.0,Fl Oz
210101,"Item Name: Built Bar, Puff Protein Bars, Cookies 'N Cream Puff, 17g Protein Snacks, On-The-Go Bars, Only 140 Calories, 7g Sugar, Collagen, Not Gluten Free, 12 Count
Bullet Point 1: PROTEIN PACKED: Built Puffs bring 15g of vital protein, making it one of the best protein bars supporting your workout. Enjoy protein bars for all-day energy
Bullet Point 2: DELICIOUS FLAVOR PROFILE: Savor the flavor of these Built Puff protein bars, a delightful treat among protein snacks and great snacks for adults
Bullet Point 3: GUILT-FREE PROTEIN SNACKS: With only 140 calories & 7g Sugar, Built Bar Puffs stand out as a low calorie and low sugar snacks when compared to other snack options like candy bars. Enjoy these without sacrificing on taste or goals.
Bullet Point 4: IDEAL FOR ON-THE-GO: Easy to add these amazing sports nutrition protein bars to your busy routine. These bulk protein bars are great, better for you snacks for on-the-go lifestyles. Great choice of protein snacks for healthy adults.
Bullet Point 5: SMOOTH TASTE: Built Puff protein packed snacks are designed to have a smooth taste without a chalky aftertaste
Product Description: These Built Puff protein bars offer the ideal blend of a light, fluffy texture and rich chocolate, making them great for anyone seeking healthy protein bars. Each bar is carefully crafted with low sugar content, yet packs a punch with ample protein to help keep you energized throughout the day. Our low carb protein bars are great for adhering to your lifestyle without skimping on taste. These protein bars are not only a treat for your taste buds but also a great source of nutrition, making them a great choice for high protein snacks or meal replacement bars. Available in convenient protein bars bulk packs, they are designed to keep you stocked up. This snack bar has the vital protein and pure nutrients that will help increase your energy. Great for a meal replacement or a quick snack after bulking up from lifting barebells at the gym. Each bite delivers a satisfying taste while meeting your dietary goals. Set aside your quest for a healthier option, our bars provide a clean, nutritious alternative with proteins that help boost your energy levels.
Value: 16.92
Unit: Ounce
",https://m.media-amazon.com/images/I/81pvk48QNvL.jpg,29.99,"Built Bar, Puff Protein Bars, Cookies 'N Cream Puff, 17g Protein Snacks, On-The-Go Bars, Only 140 Calories, 7g Sugar, Collagen, Not Gluten Free, 12 Count",Food,16.92,Ounce
22348,"Item Name: Reggae Spice Jamaican Jerk Marinade | 60-Second Authentic Wet Rub Seasoning Sauce for Cooking Meats | Gluten Free, Vegan, and Keto Friendly | Sweet or Spicy Flavor Wet Paste (Hot & Spicy)
Bullet Point 1: 60 SECOND INSTANT MARINADE - No more waiting hours and hours to start cooking. Reggae Spice freshly prepared marinades are ready-to-use straight from the jar. No need to let it sit! Simply apply, cook, and slap your tastebuds!
Bullet Point 2: 100% AUTHENTIC FLAVOR - We have taken years to perfect our authentic Jerk Seasoning and Marinades. Reggae Spice wet marinades are the perfect blend of spices to create the most authentic and traditional jerk flavor. Yeah mon it dat good!
Bullet Point 3: GLUTEN FREE, SUGAR FREE, & KETO FRIENDLY - At Reggae Spice, we strive to give you the most authentic jerk cooking-tasting experience. Our spices and marinades are Keto-friendly, vegan, gluten-free, and contain zero sugar so that you can eat with confidence.
Bullet Point 4: PREPARES 40 LBS - One Jar of Hot and Spicy will prep up to 40 lbs of chicken, beef, pork, fish, seafood, vegetables and much more! We recommend applying 2 teaspoons of hot and spicy marinade per pound of food.
Bullet Point 5: SATISFACTION GUARANTEE - We take pride in the quality and authenticity of our jerk seasoning and marinades, and we feel confident that after your first bite, you will too. Contact us directly if you are unsatisfied with your order and we will make it right!
Product Description: 60 SECOND INSTANT MARINADE - No more waiting hours and hours to start cooking. Reggae Spice freshly prepared marinades are ready-to-use straight from the jar. No need to let it sit! Simply apply, cook, and slap your tastebuds!
Value: 11.0
Unit: Ounce
",https://m.media-amazon.com/images/I/81LxhZ5N53L.jpg,17.49,"Reggae Spice Jamaican Jerk Marinade | 60-Second Authentic Wet Rub Seasoning Sauce for Cooking Meats | Gluten Free, Vegan, and Keto Friendly | Sweet or Spicy Flavor Wet Paste (Hot & Spicy)",Food,11.0,Ounce
69365,"Item Name: Absolutely Gluten Free Original Crackers, 4.4oz (12 Pack) | Grain Free Crackers | Dairy Free | No Soy, Corn or Rice
Bullet Point 1: WHOLESOME & DELICIOUS ‚Äì Our grain free crackers are made from simple, wholesome ingredients such as tapioca, potatoes, and eggs to bring you a wonderfully delicious gluten free snacking alternative. We believe healthier snacking should be irresistible too!
Bullet Point 2: ALLERGY FRIENDLY ‚Äì Absolutely Gluten Free Crackers are a fantastic choice for those with dietary restrictions, whether you‚Äôre looking for soy free, corn free, gluten free or grain free crackers, you have just hit the jackpot!
Bullet Point 3: CRISPY TEXTURE - Each bite of our crackers delivers a satisfying crunch, making them a delightful snack option. Whether enjoyed on their own, paired with your favorite dips and spreads, or used as a base for creative appetizers, these crackers provide the perfect bite.
Bullet Point 4: VERSATILE - Absolutely Gluten Free Crackers boast a delicious taste that complements a wide range of flavors. Their subtle yet distinct flavor profile allows them to be paired effortlessly with cheeses, hummus, dips, meats, or even enjoyed straight from the box.
Bullet Point 5: CERTIFIED - Absolutely Gluten Free Crackers are certified Kosher for year round use including Passover.
Product Description: We start with all-natural, wholesome ingredients such as tapioca potatoes and eggs. For taste we blend in honey, salt and vinegar. Our delicious Gluten Free Crackers are crispy and irresistible. They're uniquely made from potatoes instead of soy, corn or rice and they're Absolutely, positively 100% Gluten Free! Absolutely Gluten Free is one of the fastest growing brands in the Gluten Free Cracker industry. It really tastes even better than the Real Deal. Try it and you will be glad you did!
Value: 4.4
Unit: Ounce
",https://m.media-amazon.com/images/I/81jG++RkY5S.jpg,79.99,"Absolutely Gluten Free Original Crackers, 4.4oz (12 Pack)",Food,4.4,Ounce
43008,"Item Name: Colombina Jumbo Spearmint Balls, Individually Wrapped Natural Spearmint Flavored Candy, Ideal for Halloween and Christmas, 2.4 lbs (120 Count)
Bullet Point 1: Bulk Candy Bounty: Treat yourself with a 38.1-ounce bag filled with 120 individually wrapped, naturally flavored spearmint hard candies. Unwrap each mint to savor a pop of authentic minty goodness that invigorates your senses.
Bullet Point 2: Deliciously Tempting: Indulge in the slow, refreshing flavor sensation of our premium spearmint hard candies, expertly crafted from natural ingredients. Ideal for satisfying post-meal cravings, impressing restaurant customers, and delighting office colleagues, these mints are a perfect treat for any occasion.
Bullet Point 3: Celebrate Every Occasion: Embrace every moment with our hard candies infused with pure spearmint oil! From birthdays to weddings, these mints are guaranteed to leave a lasting impression. A must-have for moments that call for refreshment.
Bullet Point 4: Individually Wrapped: Conveniently pocket-sized, stash these mints in your bag, car, or pocket for a quick burst of natural spearmint flavor whenever you need it.
Bullet Point 5: Guilt-free Pleasures: Experience a guilt-free treat with our low-calorie, trans fat-free peppermint mints made from natural flavors and real sugar cane. Prepare for a refreshing taste adventure that satisfies your sweet cravings without the guilt.
Product Description: Introducing Colombina Jumbo Spearmint Balls ‚Äì the perfect sweet and refreshing treat that will make each day truly memorable. Crafted by Colombina, a company with over 95 years of heritage and ranked as the seventh most sustainable food company by S&P Global, our spearmint balls are a delightful fusion of vibrant design and exceptional taste. Made with high-quality ingredients, each piece promises a burst of authentic spearmint flavor that's truly unforgettable. Whether you desire a breath-freshening indulgence or a satisfyingly sweet treat, our mint balls are the ideal choice. Not only perfect for personal enjoyment, they also make a lasting impression when shared with customers or used as party favors, gifts, and more. And don't forget, we offer a fantastic assortment of mints, including soft and spearmint varieties, adored by all. Elevate your candy experience with Colombina ‚Äì indulge in the best today!
Value: 38.0
Unit: Ounce
",https://m.media-amazon.com/images/I/51HTTokBpIL.jpg,11.1,"Colombina Jumbo Spearmint Balls, Individually Wrapped Natural Spearmint Flavored Candy, Ideal for Halloween and Christmas, 2.4 lbs (120 Count)",Food,38.0,Ounce
182264,"Item Name: Kasugai Grape Gummy Candy 3.77oz (9 Pack)
Value: 9.0
Unit: Count
",https://m.media-amazon.com/images/I/A1lZodk3SPL.jpg,7.99,Kasugai Grape Gummy Candy 3.77oz (9 Pack),Food,9.0,Count
117130,"Item Name: Voortman Bakery Vanilla Wafers, Mega Size, 5.17 oz, Case of 9
Value: 46.53
Unit: Ounce
",https://m.media-amazon.com/images/I/81+AZJLwPJL.jpg,26.13,"Voortman Bakery Vanilla Wafers, Mega Size",Food,46.53,Ounce
236193,"Item Name: Mantova Extra Virgin Olive Oil Spray, Cholesterol Free, 8.5 Ounces (Pack Of 6)
Bullet Point: Mantova Extra Virgin Olive Oil Spray, Cholesterol Free, 8.5 Ounces (Pack Of 6)
Value: 51.0
Unit: Ounce
",https://m.media-amazon.com/images/I/41uK5CyFTGL.jpg,42.495,"Mantova Extra Virgin Olive Oil Spray, Cholesterol Free, 8.5 Ounces (Pack Of 6)",Food,51.0,Ounce
202733,"Item Name: 5 Costa Rican Vanilla Beans Whole Grade A Vanilla Pods for Homemade Vanilla Extract, Baking, Ice Cream, Flavoring, & Vanilla Powder
Bullet Point 1: Fresh Gourmet Costa Rican Vanilla Beans from Late 2024 - 2025 Crop Suistainably Sourced From Costa Rican Farmers at Fair Market Prices
Bullet Point 2: Length is ~ 6 - 8 Inches (Approximately 15 - 20 cm) with an average moisture content of 28% - 33% meaning these beans are soft, semi-pliable, and filled with millions of tiny vanilla seeds.
Bullet Point 3: Uses: Vanilla beans can be used in a variety of recipes as flavoring or ingredients and other uses such as homemade vanilla extract, baking, cooking, and brewing
Bullet Point 4: Costa Rican Vanilla Beans have a Smooth and Sublte Buttery Vanilla Aroma that Adds a Complex and Rich Flavor
Bullet Point 5: Our triple inspection process ensures only the highest quality beans are sent out by checking the size, smell, aroma, and appearance before packaging in our commercial vacuum sealers.
Product Description: Vanilla beans originated in Mexico and are sun cured for months using the traditional Bourbon drying method. They are now found all over the world from places like Madagascar to Indonesia to Papa New Guinea PNG farms. The scent consists of a heavenly buttery aroma with a rich, black or dark brown color and a very oily outside surface. The interior of the bean is where the magic is at and consists of millions of black, tiny vanilla seeds that are waiting to be scraped out. Our beans are traditionally cured to develop the full, complex vanilla flavor made of over 200 organic compounds and artificial vanilla (vanillin) cannot properly replicate the complexity of natural vanilla. The entire process takes anywhere from 6 to 9 months after pollination and our farmers have turned vanilla processing and curing into an art. This region remains the industry quality benchmark for producing vanilla planifolia with high vanillin content. <br><br>There are so many recipes that can be created with vanilla beans! Desserts such as vanilla bean ice cream, creme brulee, cup cakes, or cookies can be created with these magical beans. Homemade KAHLUA or Vanilla Extract is also a very popular gift & can be made using a simple vodka infusion method! Bonus points for using the spent vanilla beans after the extract making process for creating vanilla sugar!<br><br>Our beans are triple inspected throughout their journey. First, they are inspected by our farmers who have hundreds of years of experience. The second inspection is before bulk storage for transport. The final inspection is done at our warehouse moments before packing your shipment where we check the smell, quality, and appearance.
Value: 5.0
Unit: Count
",https://m.media-amazon.com/images/I/71aQDJISHjL.jpg,29.99,"5 Costa Rican Vanilla Beans Whole Grade A Vanilla Pods for Homemade Vanilla Extract, Baking, Ice Cream, Flavoring, & Vanilla Powder",Food,5.0,Count
35395,"Item Name: Campbell's Chicken and Stars Soup, 10.5-Ounce (Pack of 8)
Bullet Point: Campbell's Chicken and Stars Soup, 10.5-Ounce
Value: 84.0
Unit: Ounce
",https://m.media-amazon.com/images/I/71T5J1upYnL.jpg,1.755,Campbell,Food,84.0,Ounce
66928,"Item Name: McVities Milk Chocolate Digestives Roll 266g (Pack of 4)
Bullet Point 1: Perfect balance of sweet and savory: The buttery biscuit and sweet milk chocolate complement each other perfectly, creating a delicious and satisfying snack.
Bullet Point 2: High-quality ingredients: Made with simple, wholesome ingredients, these biscuits are a treat you can feel good about.
Value: 4.0
Unit: Count
",https://m.media-amazon.com/images/I/21DflYyJ4PL.jpg,24.01,McVities Milk Chocolate Digestives Roll 266g (Pack of 4),Food,4.0,Count
201717,"Item Name: You Need This Sea Salt Almond Flour Crackers, 99 GR
Value: 3.49
Unit: Ounce
",https://m.media-amazon.com/images/I/71oJkztHZFL.jpg,19.725,"You Need This Sea Salt Almond Flour Crackers, 99 GR",Food,3.49,Ounce
239169,"Item Name: Food to Live Raw Sunflower Seeds in Shell, 1 Pound ‚Äì Fresh, Crunchy and Nutty Snack for on-the-go, Preservative-free, Great Source of Protein, Fiber, Minerals & Vitamins. Whole Unhulled Seeds.
Bullet Point 1: ‚úîÔ∏è PREMIUM QUALITY, RAW, VEGAN, UNSALTED: These Sunflower Seeds by Food to Live are of Premium Quality, Raw, Unsalted, suitable for Vegans, and are free of cholesterol.
Bullet Point 2: ‚úîÔ∏è HIGHLY NUTRITIOUS, PLANT PROTEIN SOURCE: Raw Sunflower Seeds in Shell are a great source of plant protein, dietary fiber, ‚Äúgood‚Äù fats, potent antioxidants, Vitamins B6, B9, and E, Zinc, Magnesium, Iron, Manganese, Copper, and Selenium.
Bullet Point 3: ‚úîÔ∏è GREAT SNACK & POTATO CHIPS SUBSTITUTE: Unhulled Sunflower Seeds make a perfect snack for a movie night, hike, long road trip, or picnic. They are also an excellent substitute for high-sodium potato chips.
Bullet Point 4: ‚úîÔ∏è CAN BE ROASTED AT HOME: Roast these Sunflower Seeds in Shell at home and decide how much salt to add or experiment with a variety of spices for a unique flavor.
Bullet Point 5: ‚úîÔ∏è AVAILABLE IN BULK: At Food to Live you can get budget-friendly bulk packs of Sunflower Seeds in Shell and you will always have a wholesome snack in your pantry.
Product Description: We are pleased to present Food to Live‚Äôs Premium Quality, Vegan, Unsalted, 100% Raw Sunflower Seeds in Shell. These Seeds are the fruits of large sun-loving flowers that are native to North America but are now grown around the globe. The Nutritional Profile of Unsalted Sunflower Seeds in Shell Wonder ‚ÄúAre Sunflower Seeds in Shell Good for You‚Äù? Well, let‚Äôs take a closer look at their nutritional value. Firstly, Raw Sunflower Seeds are a decent source of plant protein and dietary fiber. Second, they are rich in ‚Äúgood‚Äù fats and antioxidants such as phenolic acids and flavonoids. Further, Raw Sunflower Seeds in Shell contain Vitamins B6, B9, and E, Zinc, Magnesium, Iron, Manganese, Copper, and Selenium. So, the answer is yes! Due to a comparatively high content of calories Sunflower Seeds in Shell will quickly elevate your energy levels, which makes them an excellent wholesome snack. Are Sunflower Seeds in Shell Keto-friendly? Yes, these seeds can be a part of both Keto and Paleo diets. Do you have to Shell Sunflower Seeds? Some People raise a logical question: ‚ÄúCan you eat Shell Sunflower Seeds?‚Äù. The answer is no. It is not recommended to eat the shells of Sunflower Seeds since they are very hard. How to eat Sunflower Seeds in Shell? Raw Sunflower Seeds taste nutty and somewhat earthy, however, you need to crack them with your fingers first, to enjoy the flavor. Raw Sunflower Seeds in Shell are an amazing choice if you want to cut down on high-sodium chips. Munch on these Seeds during a movie night, on a picnic, hike, or just on the go. Moreover, you can make Roasted Salted Sunflower Seeds in shell. Storage Tips Both Raw and Roasted Sunflower Seeds in Shell should be stored in a tightly sealed food-grade container in a cool dry place away from direct sunlight. If you want to store bulk Raw Sunflower Seeds in shell long-term, you may put them in a freezer.
Value: 16.0
Unit: Ounce
",https://m.media-amazon.com/images/I/51N41+gflhL.jpg,15.74,"Food to Live Raw Sunflower Seeds in Shell, 1 Pound",Food,16.0,Ounce
191671,"Item Name: B.G. REYNOLDS Passion Fruit Syrup, 375 ml
Bullet Point 1: No preservatives. No high-fructose corn syrup. Gluten-free
Bullet Point 2: Item Package Length: 11.938cm
Bullet Point 3: Item Package Width: 12.7cm
Bullet Point 4: Item Package Height: 40.64cm
Value: 12.6803
Unit: Fl Oz
",https://m.media-amazon.com/images/I/51sRS1yab4L.jpg,16.99,"B.G. REYNOLDS Passion Fruit Syrup, 375 ml",Food,12.6803,Fl Oz
240701,"Item Name: Kirkland Signature Organic Coconut Water, 33.8 Fluid Ounce (Pack of 9)
Bullet Point 1: No sugar added
Bullet Point 2: Not from concentrate
Product Description: Organic coconut water.
Value: 304.2
Unit: Fl Oz
",https://m.media-amazon.com/images/I/71BaFLagIRL.jpg,33.56,"Kirkland Signature Organic Coconut Water, 33.8 Fluid Ounce (Pack of 9)",Beverage,304.2,Fl Oz
172422,"Item Name: Cosmo's - Lupini Beans, (1)- 32 oz. Jar
Bullet Point 1: Ready to Eat Lupini Beans
Bullet Point 2: Pinch Off Skin & Eat
Bullet Point 3: Try Adding Extra Virgin Olive Oil After Rinsing, Season to Taste
Bullet Point 4: Excellent Italian Brand
Bullet Point 5: (1)- 32 oz. Jar
Product Description: Product of Italy. Pack of 1. Ready To Eat Lupini Beans. Antipasto Specialties Good Use For Salads. Serving Size (130g) Servings Per Container About 5. Ingredients: Lupini Beans, Water, Salt, Citric Acid, 1/10 Of 1% Benzoate Of Soda.
Value: 32.0
Unit: Ounce
",https://m.media-amazon.com/images/I/61EKiD9ZOcL.jpg,16.99,Cosmo's - Lupini Beans,Food,32.0,Ounce
166878,"Item Name: Asturi Classico Bruschettini - Virgin Olive Oil (Snack Size Italian Bruschetta Toasts), Buy TWELVE Bags and SAVE, Each Bag is 4.23 oz (Pack of 12)
Product Description: A little bite of Italy! These Bruschettini are snack size Italian bruschetta baked with unbleached flour, the highest quality extra virgin olive oil and a sprinkle of sea salt. They make a delicious snack all by themselves, or topped with almost anything. A great appetizer for any occasion or use with soups or salads. Kosher. All Natural. Baked In Italy.
Value: 50.76
Unit: Ounce
",https://m.media-amazon.com/images/I/41B0pTqi8gL.jpg,4.99,Asturi Classico Bruschettini - Virgin Olive Oil (Snack Size Italian Bruschetta Toasts),Food,50.76,Ounce
31920,"Item Name: HERSHEY'S Milk Chocolate Drops, 8 Ounce
Bullet Point 1: Bite size drops of genuine chocolate happiness
Bullet Point 2: Perfect for snacking and movie watching
Bullet Point 3: Milk chocolate candy drops
Bullet Point 4: Kosher chocolate in re sealable pouches
Value: 8.0
Unit: Ounce
",https://m.media-amazon.com/images/I/617LyMgoMJL.jpg,14.61,HERSHEY,Food,8.0,Ounce
247546,"Item Name: Lip-Shaped Lollipops - 2 Pound Bulk Pack (About 90 Count) - Cotton Candy Flavor - Blue and Pink Pops
Bullet Point 1: Lip-Shaped Pops Valentine's Day Candy; 2-pound bulk pack; approximately 90 individually wrapped pieces per order
Bullet Point 2: Embrace the whimsy of love with our charming lollipops that combine the sweetness of cotton candy flavor with the enchanting allure of pink and blue hues
Bullet Point 3: These delightful lollipops are not just a treat for the taste buds; they're a playful expression of affection, perfect for spreading joy on the most romantic day of the year
Bullet Point 4: Adding an extra touch of sentiment, these Lips Lollipops feature a special ""From To"" inscription; personalize your sweet gesture by writing a message directly on the lollipop, creating a unique and heartwarming token of affection
Bullet Point 5: Whether you're gifting to a significant other, a cherished friend, or family member, this candy adds a layer of personal connection to your Valentine's Day celebration
Product Description: This 2-pound bag is packed with 90 blue and pink cotton candy-flavored Lip Lollipops
Value: 32.0
Unit: Ounce
",https://m.media-amazon.com/images/I/91Z0tMJ+swL.jpg,17.99,Lip-Shaped Lollipops - 2 Pound Bulk Pack (About 90 Count) - Cotton Candy Flavor - Blue and Pink Pops,Food,32.0,Ounce
7411,"Item Name: Expect MoreGlory Foods Seasoned Southern Style Collard Greens 27.0 oz pack of 6
Product Description: Glory Foods Seasoned Southern Style Collard Greens are among the healthiest and most flavorful vegetables on the market. Rich in health-promoting nutrients, these tender greens are well balanced and seasoned to perfection. They're pre-cooked and offer a smart solution to enjoying classic Southern style collards. Their convenient canning eliminates the tiresome washing and pre-soaking needed for fresh greens and allows for delicious-tasting greens without hours of cooking. Simply warm up these 27 oz glory collard greens in the microwave or on the stovetop and enjoy a tasty, traditional side item that coordinates well with both starches and a variety of meats and proteins.
Value: 6.0
Unit: Count
",https://m.media-amazon.com/images/I/51ONwzf+BIL.jpg,2.6,Expect MoreGlory Foods Seasoned Southern Style Collard Greens 27.0 oz pack of 6,Food,162.0,Count
218503,"Item Name: Wellsley Farms Coarse Kosher Salt. 3 Pounds. Passover Approved. From the Salt Caves in Italy. Natural Sicilian Rock Salt. (3 lb Box with Pop Out Pour.)
Bullet Point 1: Origin: Wellsley Farms Kosher Salt is produced on the island of Sicily, Italy, formed over 6 million years ago.
Bullet Point 2: Source: Mined in the historic Realmonte salt caves, also known as the ""cathedrals of salt.""
Bullet Point 3: Rich Composition: Derived from volcanic soil, renowned for its high mineral content.
Bullet Point 4: Kitchen Use: Ideal for seasoning meals, vegetables, pasta, soups, and sauces.
Bullet Point 5: Quality: A premium salt with a rich heritage and exceptional flavor.
Product Description: Wellsley Farms Kosher salt is produced in Italy on the island of Sicily, a land formed more than 6 Million years ago. The salt is mined in the Realmonte salt caves called the cathedrals of salt, known for centuries for its volcanic soil rich in minerals. Our salt is perfect for seasoning meals, vegetables, pasta, soup, and sauces.
Value: nan
Unit: None
",https://m.media-amazon.com/images/I/81DBENbjUQL.jpg,7.465,Wellsley Farms Coarse Kosher Salt. 3 Pounds. Passover Approved. From the Salt Caves in Italy. Natural Sicilian Rock Salt. (3 lb Box with Pop Out Pour.),Food,,None
86106,"Item Name: Rugby Polacrilex 4 mg Nicotine Gum - Smoking and Vaping Quitting Aid - Sugar-Free - Coated Mint Flavor - 100 Count
Bullet Point 1: NICOTINE CESSATION GUM: If you are struggling with quitting smoking or vaping, Rugby mint-flavored nicotine polacrilex gum helps reduce withdrawal symptoms, including nicotine craving.
Bullet Point 2: CRAVING RELIEF: This pack of nicotine gum contains 100 pieces of 4 mg nicotine polacrilex (nicotine). If you smoke your first cigarette within 30 minutes of waking up, use 4 mg nicotine gum according to the suggested 12 week schedule. If you experience strong or frequent cravings, you may use a second piece within the hour. Do not use more than 24 pieces a day.
Bullet Point 3: HOW TO USE: Chew the gum slowly until it tingles. Then, park it between your cheek and gum. When the tingle is gone, begin chewing again, until the tingle returns.
Bullet Point 4: 12-WEEK PROGRAM: Following a 12-week schedule, have one piece of gum every one to two hours for weeks one through six. For weeks seven to nine, have one piece every two to four hours. Finally, for weeks ten to twelve, have one piece every four to eight hours.
Bullet Point 5: RUGBY LABORATORIES: At Rugby Laboratories, we believe wellness should be accessible to everyone. We pride ourselves on our legacy of delivering quality OTC and vitamin supplements.
Product Description: Rugby Nicotine Gum is a 4 mg stop smoking aid for those who smoke their first cigarette within thirty minutes of waking up. Do not eat or drink for 15 minutes before chewing the nicotine gum, or while chewing a piece. To improve your chances of quitting, use at least 9 pieces per day for the first 6 weeks. Do not use more than 24 pieces a day.
Value: 110.0
Unit: Count
",https://m.media-amazon.com/images/I/71Cw3PvdixL.jpg,32.49,Rugby Polacrilex 4 mg Nicotine Gum - Smoking and Vaping Quitting Aid - Sugar-Free - Coated Mint Flavor - 100 Count,Health,110.0,Count
115306,"Item Name: 6 PIECES CHAPIS HOJA DE AGUACATE NATURAL HERBS HIERBAS Net Wt. 3/8oz (10.6g)
Bullet Point 1: NATURALMENTE
Bullet Point 2: 100% NATURAL
Bullet Point 3: HERBS FROM MEXICO
Product Description: How to use: To prepare as a tea, pour 8 fl. oz. boiling water over 1-2 teaspoons of herb. Cover and steep for 5-10 minutes, strain and serve immediately. Precautions: If you are pregnant, nursing or taking any medications, consult your doctor before use. Precauciones: Si est√° embarazada, amamantando o tomando alg√∫n medicamento, consulte a su m√©dico antes de usarlo.
Value: 1.0
Unit: Ounce
",https://m.media-amazon.com/images/I/810fmaPLtaL.jpg,14.99,6 PIECES CHAPIS HOJA DE AGUACATE NATURAL HERBS HIERBAS,Herbs,1.0,Ounce
182492,"Item Name: Walden Farms Caramel Syrup, 12 Ounce
Bullet Point 1: Fat and Sugar Free
Bullet Point 2: Calorie Free
Bullet Point 3: Carbohydrate Free
Bullet Point 4: Cholesterol Free
Bullet Point 5: Gluten Free
Value: 12.0
Unit: Fluid Ounce
",https://m.media-amazon.com/images/I/41XBw1XRhwL.jpg,4.890000000000001,"Walden Farms Caramel Syrup, 12 Ounce",Food,12.0,Fluid Ounce
202254,"Item Name: Tory Burch Coco Ginger Shortbread Sandal 9, Pink
Value: 1.0
Unit: Ounce
",https://m.media-amazon.com/images/I/51+O3wtQdOL.jpg,298.0,"Tory Burch Coco Ginger Shortbread Sandal 9, Pink",Clothing,1.0,Ounce
164888,"Item Name: purely elizabeth Ancient Grain Granola Certified Glutenfree Vegan NonGMO Coconut Sugar Delicious Healthy Snack , Blueberry Hemp, 12 Ounce
Bullet Point 1: NUTRIENT-DENSE INGREDIENTS: Made with nutrient-packed quinoa, amaranth, and chia seeds for a light & crunchy snack you can feel good about! Sprinkle over a smoothie, bake into a summer crisp, or eat straight out of the bag, we promise you won‚Äôt be able to stop at one bite.
Bullet Point 2: LIGHTLY SWEETENED WITH COCONUT SUGAR: Ancient Grain Granola is prepared with unrefined coconut sugar, a low-glycemic sweetener that won‚Äôt make you sluggish as the day goes on.
Bullet Point 3: CERTIFIED GLUTEN FREE, VEGAN & NON-GMO: Made with clean and simple ingredients that are free from additives and genetically modified organisms.
Bullet Point 4: BAKED WITH COCONUT OIL: We bake our granola with coconut oil, a better for you fat that gets used as energy rather than being stored as fat in the body.
Bullet Point 5: QUICK AND HEALTHY: When you eat better, you feel better. It‚Äôs that simple. That's why Purely Elizabeth uses superfoods with vibrant flavors and rich textures to create delicious foods to help you thrive on your wellness journey.
Value: 12.0
Unit: ounce
",https://m.media-amazon.com/images/I/41oKK+HIEwL.jpg,7.99,"purely elizabeth Ancient Grain Granola Certified Glutenfree Vegan NonGMO Coconut Sugar Delicious Healthy Snack , Blueberry Hemp, 12 Ounce",Food,12.0,ounce
7984,"Item Name: Swedish Fish Tails 2 Flavors in 1
Bullet Point 1: Swedish Fish Tails doubled up on goodness with two delicious flavors in one gummy candy
Bullet Point 2: Bite in half to enjoy individual flavors, or eat the entire piece for a new fun filled delicious flavor combination
Bullet Point 3: Pair with Sour Patch Kids for the ultimate candy duo
Bullet Point 4: Mix up your favorite gummy candy with Swedish Fish Tails
Bullet Point 5: Includes one 4 ounce bag
Product Description: When The Fish traced their heritage, they found that their roots go back to Sweden circa 1950. Being of Scandinavian descent, they are of course the epitome of candy awesomeness as well as being among the coolest Fish in the sea. They never scale back on fun, and are always up for a flipping good time. Oh, and did we mention they love fish puns? Lots of fish puns. For reel.
Value: 4.0
Unit: Ounce
",https://m.media-amazon.com/images/I/515bYkjRmbL.jpg,1.24,Swedish Fish Tails 2 Flavors in 1,Food,4.0,Ounce
3294,"Item Name: Mariani, Mediterranean Apricots (Pack of 24)
Product Description: Delicately sweet in flavor, Mariani Mediterranean Apricots contain a bounty of nourishing benefits. Every serving of these tender treats is a good source of the antioxidants vitamin A and E as well as potassium-a mineral known to promote good bone health. Live well and enjoy.
Value: 24.0
Unit: Count
",https://m.media-amazon.com/images/I/517wW8CJHiL.jpg,213.26,"Mariani, Mediterranean Apricots (Pack of 24)",Food,24.0,Count
181347,"Item Name: Banana Boat Sunscreen Ultra Mist Dry Oil Broad Spectrum Sun Care Sunscreen Spray - SPF 8, 6 Ounce
Bullet Point 1: Clear, rub-free and quick drying
Bullet Point 2: Non-greasy continuous clear spray
Bullet Point 3: Original banana coconut rum fragrance
Bullet Point 4: This item is not for sale in Catalina Island
Bullet Point 5: This item is not for sale in Catalina Island
Value: 6.0
Unit: ounce
",https://m.media-amazon.com/images/I/71fXK3exxxL.jpg,11.135,"Banana Boat Sunscreen Ultra Mist Dry Oil Broad Spectrum Sun Care Sunscreen Spray - SPF 8, 6 Ounce",Beauty,6.0,ounce
159362,"Item Name: Kirkland Signature 100% Colombian Dark Roast Decaffeinated Ground Coffee - 1.36kg
Bullet Point: Kirkland Signature 100% Colombian dark roast decaffeinated ground coffee - 1.36Kg
Value: 47.97
Unit: Ounce
",https://m.media-amazon.com/images/I/61lBNLyGfIL.jpg,33.29,Kirkland Signature 100% Colombian Dark Roast Decaffeinated Ground Coffee,Food,47.97,Ounce
273689,"Item Name: Coombs Family Farms Organic Pure Maple Sugar - 6 Oz
Value: 12.0
Unit: Ounce
",https://m.media-amazon.com/images/I/41D++Loo75L.jpg,21.36,Coombs Family Farms Organic Pure Maple Sugar - 6 Oz,Food,12.0,Ounce
51564,"Item Name: Taza Chocolate Organic Stone Ground 80% Dark Bark Snacking Thins, Variety Pack, 4.2 Oz
Bullet Point 1: Contains 4; 4.2oz pouches of Dark Bark Snacking Thins: 1 each of Sea Salt Almond, Toasted Coconut, Pumpkin Seed, and Coconut Almond
Bullet Point 2: Certified USDA Organic, Non-GMO, Kosher Certified, and Direct Trade to ensure quality and transparency for all
Bullet Point 3: All-Natural, Gluten-Free, Dairy-Free, Soy-Free, and Vegan
Bullet Point 4: We make our perfectly unrefined, stone ground chocolate from bean to bar at our Somerville, MA chocolate factory using traditional Mexican stone mills to grind our cacao
Bullet Point 5: A delicious anytime snack that pairs minimally processed dark chocolate with protein-packed nuts or energizing espresso beans
Value: 16.8
Unit: Ounce
",https://m.media-amazon.com/images/I/81qSVsQ+szS.jpg,45.27,"Taza Chocolate Organic Stone Ground 80% Dark Bark Snacking Thins, Variety Pack, 4.2 Oz",Food,16.8,Ounce
81259,"Item Name: Chex Gluten Free Rice Chex Cereal, 12 Ounce -- 10 per case.
Bullet Point 1: Gluten-Free Chex Rice Chex Cereal
Bullet Point 2: Package size of 12.0 oz
Bullet Point 3: Unit Price of $4.72
Bullet Point 4: Breakfast, snack time or anytime. Gluten Free.
Product Description: Enjoy sweetened oven toasted gluten free rice cereal whether you're serious about your snacks or simply looking for a better breakfast, Chex is here for you. Made without artificial flavors, colors or high fructose corn syrup so you can always feel good about pouring yourself another bowl, grabbing a handful out of the box or mixing more Chex into your favorite party mix.
Value: 120.0
Unit: Ounce
",https://m.media-amazon.com/images/I/817-8iLd0UL.jpg,5.49,"Chex Gluten Free Rice Chex Cereal, 12 Ounce -- 10 per case.",Food,120.0,Ounce
131791,"Item Name: Jack Link‚Äôs Beef Strips, Original, 1 Count ‚Äì Great Protein Bar, Meat Bar with 8g of Protein and 70 Calories, Gluten Free, No added MSG or Nitrates/Nitrites
Bullet Point 1: GOOD SOURCE OF PROTEIN ‚Äì With 8g of protein and 70 calories per serving, Jack Link‚Äôs Beef Strips are the protein bar you need to help you power through your day.
Bullet Point 2: MADE WITH 100% PREMIUM BEEF ‚Äì Made with lean cuts of 100% premium beef, each beef bar has no added MSG, nitrates or nitrites. And, it‚Äôs gluten free.
Bullet Point 3: FULL OF FLAVOR ‚Äì Leveraging generations of jerky making expertise, each Jack Link‚Äôs Original Beef Strip is crafted with our signature blend of Original spices. It‚Äôs slow cooked over hardwood smoke for a classic jerky taste and easy-to-chew texture.
Bullet Point 4: PORTABLE ‚Äì Instead of throwing a granola bar in your lunchbox or a protein bar in your workout bag, go back to the basics ‚Äì meat! Portable, bar-sized beef strips packed with savory flavor is a great way to mix up your snacking routine.
Bullet Point 5: CONTAINS: One 0.9 oz Original Beef Strip. Pack in lunches, bring to work for powering through the mid-morning munchies and keep them at home for a delicious snack.
Value: 0.9
Unit: Ounce
",https://m.media-amazon.com/images/I/412D0TcLPpL.jpg,2.29,"Jack Link‚Äôs Beef Strips, Original",Food,0.9,Ounce
228657,"Item Name: Amoretti - Cola Extract Water Soluble 2 oz - Highly Concentrated & Perfect For Pastry, Savory, Brewing, and more, Preservative Free, Vegan, Kosher Pareve, Keto Friendly
Bullet Point 1: INCREDIBLE VERSATILITY: Our extracts are ideal for flavoring cakes, cookies, buttercreams, frostings, macarons, brewing, distilling and so much more.
Bullet Point 2: SPECIFICATIONS: Highly concentrated, no preservatives, no artificial colors, gluten-free, vegan Kosher Pareve, keto-friendly, bake-proof, and freeze-thaw stable.
Bullet Point 3: HIGHEST QUALITY: We use only the finest and freshest ingredients to deliver delicious natural flavors in each serving.
Bullet Point 4: Preservative-Free
Bullet Point 5: Bake-Proof & Freeze-Thaw Stable
Product Description: Sweet, Fun, FlavorfulEnhance your gourmet creations with Amoretti's Cola Water-Soluble Extract. A trusted choice among industry professionals, our extracts are naturally flavored, highly concentrated, and very versatile. Deliver the irresistible flavor of classic cola straight into all your favorite culinary applications. Empower your imagination ‚Äî with Amoretti!Product Details
Value: 2.0
Unit: Ounce
",https://m.media-amazon.com/images/I/51p9zbWbG6L.jpg,30.37,"Amoretti - Cola Extract Water Soluble 2 oz - Highly Concentrated & Perfect For Pastry, Savory, Brewing, and more, Preservative Free, Vegan, Kosher Pareve, Keto Friendly",Food,2.0,Ounce
21269,"Item Name: Black Rifle Coffee Company Gunship Roast (Light Roast) Whole Bean Coffee, 12 Ounce Bag of Coffee Beans, Light Roast Coffee Beans, Light Caramel Tasting Notes and an Ultra Smooth Finish
Bullet Point: Includes: One 12 oz bag of Black Rifle Coffee Company Gunship whole light roast coffee beans
Value: 12.0
Unit: Ounce
",https://m.media-amazon.com/images/I/51e5+GrYKvL.jpg,19.19,"Black Rifle Coffee Company Gunship Roast (Light Roast) Whole Bean Coffee, 12 Ounce Bag of Coffee Beans",Food,12.0,Ounce
17024,"Item Name: SOUR PATCH KIDS Blue Raspberry Soft & Chewy Candy, 5 lb Bag
Bullet Point 1: One 5 lb bag of SOUR PATCH KIDS Blue Raspberry Soft & Chewy Candy
Bullet Point 2: Blue raspberry flavored candies that are SOUR. SWEET. GONE.
Bullet Point 3: Soft and chewy candies have the traditional SOUR PATCH KIDS shape for a hint of mischief
Bullet Point 4: Use this SOUR THEN SWEET candy as a party favor at baby showers, gender reveals and more
Bullet Point 5: Sealed bag keeps this fruity candy flavorful and soft
Product Description: SOUR PATCH KIDS Blue Raspberry Soft & Chewy Candy packs all the classic flavor into a mischief-filled soft candy. This Just Blue bulk candy bag gives you your favorite SOUR PATCH KIDS blue raspberry flavor all by itself. Add a little fun to your snack with the unique kid shapes that give these candies their name. Enjoy this blue raspberry candy whenever you want a SOUR THEN SWEET treat by filling a bowl with the colors of your school or favorite sports team. SOUR PATCH KIDS can also turn any occasion into a party when you use them as party favors to celebrate birthdays, weddings, graduations, holidays, and more! This bagged candy comes sealed to maintain its signature softness and SOUR THEN SWEET candy flavor.
Value: 80.0
Unit: Ounce
",https://m.media-amazon.com/images/I/91ffySwbbqL.jpg,4.79,"SOUR PATCH KIDS Blue Raspberry Soft & Chewy Candy, 5 lb Bag",Food,80.0,Ounce
286405,"Item Name: Frontier Co-op Indian Black CO2 Decaf., Certified Organic, Fair Trade Certified, Kosher | 1 lb. Bulk Bag | Camellia sinensis
Bullet Point 1: Botanical Name: Camellia sinensis
Bullet Point 2: Certified Organic/ Fair Trade Certified
Bullet Point 3: 1 pound bulk bag (16 ounces)
Product Description: Smooth, less bitter decaf. Rich amber liquor with less astringent flavor than many black teas. Dont be afraid to switch from green tea to this for a nice change.<p><b>Directions:</b><p>To enjoy, pour 6 oz. simmering water (185F preferred) over one teaspoon of tea. Steep 4-5 minutes, strain and serve immediately.
Value: 16.0
Unit: Ounce
",https://m.media-amazon.com/images/I/51smpb4Ff9L.jpg,44.74,"Frontier Co-op Indian Black CO2 Decaf., Certified Organic, Fair Trade Certified, Kosher | 1 lb. Bulk Bag | Camellia sinensis",Food,16.0,Ounce
